leading_item_id,following_item_id,value
AANGBULD,APQGTRMF,946
AANGBULD,DDEXPPXU,6095
AANGBULD,DEWLVASR,407566
AANGBULD,DNMPSKTB,4846906
AANGBULD,EVBVXETX,5575468
AANGBULD,FTSVTTSR,253648
AANGBULD,GKQIJYDH,7590776
AANGBULD,GYHKIVQT,17913428
AANGBULD,KJNSOAHR,11203246
AANGBULD,LLHREMKS,28390
AANGBULD,LSOIUSXD,62471
AANGBULD,LTOYKIML,261709
AANGBULD,NAQIHUKZ,920
AANGBULD,NZKBIBNU,185756
AANGBULD,OKMBFVKS,1881105
AANGBULD,OXKURKXR,68937
AANGBULD,RJGPVEXX,555969
AANGBULD,SAAYMURU,19197
AANGBULD,SDWAYPIK,4904208
AANGBULD,UIFPPCLR,61803
AANGBULD,UQYUIVVR,2425791
AANGBULD,VUAFAIYJ,556707
AANGBULD,WPQXWHYO,10689560
AANGBULD,ZCELVYQU,28749
AANGBULD,ZGJXVMNI,2674921
AANGBULD,ZKENOUDA,232748
AHMDUILJ,APQGTRMF,933
AHMDUILJ,ATLDMDBO,48490220
AHMDUILJ,BSRMSVTC,281566
AHMDUILJ,BTMOEMEP,5542482
AHMDUILJ,BUZIIBYG,17526756
AHMDUILJ,DUCMGGNW,1219468
AHMDUILJ,HXYSSRXE,5014918
AHMDUILJ,IGDVVKUD,1723
AHMDUILJ,JERHKLYW,10011
AHMDUILJ,JPBRUTWP,4266310
AHMDUILJ,KEUWZRKO,362359
AHMDUILJ,LRVGFDFM,6034978
AHMDUILJ,QRKRBYJL,2622808
AHMDUILJ,RAWUKQMJ,3773435
AHMDUILJ,RCBZUSIM,2973
AHMDUILJ,SAHWCZNH,1873745
AHMDUILJ,UXSPKBJR,481252
AHMDUILJ,VBYCLTYZ,245173
AHMDUILJ,WBLJNPZQ,162332
AHMDUILJ,WPQXWHYO,10661888
AHMDUILJ,WQMVCOEM,12114
AHMDUILJ,XIFHSOWQ,55646
AHMDUILJ,XIIEJNEE,94
AHMDUILJ,XUOIQPFL,2599384
AHMDUILJ,YSYHGLQK,2030
APQGTRMF,AANGBULD,72828
APQGTRMF,ATLDMDBO,48535284
APQGTRMF,AXULOHBQ,82821
APQGTRMF,BEZYMBBT,3583054
APQGTRMF,BJALXPFS,154496
APQGTRMF,BSRMSVTC,283391
APQGTRMF,BTMOEMEP,5601924
APQGTRMF,DBWLZWNK,239020
APQGTRMF,DEWLVASR,428390
APQGTRMF,DJBLNPNC,97
APQGTRMF,DNMPSKTB,4745984
APQGTRMF,DUCMGGNW,1198215
APQGTRMF,ELQGMQWE,456601
APQGTRMF,FDXPMYGF,1757
APQGTRMF,FQCLOEXA,1803283
APQGTRMF,FRHNWLNI,1097791
APQGTRMF,GYHKIVQT,17757422
APQGTRMF,HXYSSRXE,4995400
APQGTRMF,JPBRUTWP,4266062
APQGTRMF,OGAFEHLU,2885
APQGTRMF,OKMBFVKS,1812982
APQGTRMF,OXKURKXR,64872
APQGTRMF,QRKRBYJL,2621856
APQGTRMF,QVLMOEYE,1356842
APQGTRMF,RAWUKQMJ,3783232
APQGTRMF,RCBZUSIM,2988
APQGTRMF,SDWAYPIK,4812664
APQGTRMF,UIFPPCLR,64529
APQGTRMF,VMAQSTJE,35690
APQGTRMF,WBLJNPZQ,161937
APQGTRMF,WHPUAOID,22587
APQGTRMF,WQMVCOEM,11990
APQGTRMF,XUOIQPFL,2600328
APQGTRMF,YSYHGLQK,2023
APQGTRMF,ZGJXVMNI,2757091
ATLDMDBO,AANGBULD,69497
ATLDMDBO,APQGTRMF,960
ATLDMDBO,AXULOHBQ,79533
ATLDMDBO,BEZYMBBT,3568768
ATLDMDBO,BJALXPFS,154350
ATLDMDBO,BLANHGYY,1182
ATLDMDBO,BSRMSVTC,288829
ATLDMDBO,BTMOEMEP,5574160
ATLDMDBO,DBWLZWNK,226245
ATLDMDBO,DEWLVASR,434738
ATLDMDBO,DNMPSKTB,4686403
ATLDMDBO,EVBVXETX,5638500
ATLDMDBO,FDXPMYGF,1739
ATLDMDBO,FQCLOEXA,1801540
ATLDMDBO,GYHKIVQT,17880010
ATLDMDBO,HXYSSRXE,4976680
ATLDMDBO,IGDVVKUD,1595
ATLDMDBO,JPBRUTWP,4548008
ATLDMDBO,LPHPPJUG,1214620
ATLDMDBO,LRVGFDFM,6003554
ATLDMDBO,OGAFEHLU,2860
ATLDMDBO,OKMBFVKS,1825230
ATLDMDBO,OXKURKXR,65478
ATLDMDBO,QRKRBYJL,2563290
ATLDMDBO,QVLMOEYE,1319772
ATLDMDBO,RAWUKQMJ,3813737
ATLDMDBO,RCBZUSIM,2944
ATLDMDBO,SDWAYPIK,4794994
ATLDMDBO,UGEQLMXM,233229
ATLDMDBO,UIFPPCLR,63151
ATLDMDBO,UXSPKBJR,482501
ATLDMDBO,VBYCLTYZ,245945
ATLDMDBO,VWMBASNE,26221
ATLDMDBO,WBLJNPZQ,162719
ATLDMDBO,WQMVCOEM,11851
ATLDMDBO,XIIEJNEE,95
ATLDMDBO,XIPPENFQ,84129
ATLDMDBO,XUOIQPFL,2576024
ATLDMDBO,ZGJXVMNI,2762165
ATLDMDBO,ZKENOUDA,237918
AXULOHBQ,AANGBULD,72828
AXULOHBQ,BJALXPFS,154429
AXULOHBQ,BSRMSVTC,282835
AXULOHBQ,DNMPSKTB,4762860
AXULOHBQ,EVBVXETX,5638382
AXULOHBQ,FDXPMYGF,1682
AXULOHBQ,FQCLOEXA,1805052
AXULOHBQ,GYHKIVQT,17802492
AXULOHBQ,HCDTGMST,10479
AXULOHBQ,HXYSSRXE,5014918
AXULOHBQ,KEUWZRKO,360701
AXULOHBQ,LPHPPJUG,1211524
AXULOHBQ,LUENUFGA,3796902
AXULOHBQ,NZKBIBNU,188910
AXULOHBQ,OGAFEHLU,2849
AXULOHBQ,OKMBFVKS,1827711
AXULOHBQ,PYZMVUWD,148
AXULOHBQ,QJQJSWFU,122315
AXULOHBQ,RJGPVEXX,576259
AXULOHBQ,SAHWCZNH,1806414
AXULOHBQ,SUOYXCHP,17223
AXULOHBQ,UXSPKBJR,503290
AXULOHBQ,VMAQSTJE,35597
AXULOHBQ,WBLJNPZQ,161937
AXULOHBQ,WPQXWHYO,10764978
AXULOHBQ,WQMVCOEM,13973
AXULOHBQ,XIFHSOWQ,53961
AXULOHBQ,XUOIQPFL,2600328
AXULOHBQ,ZGJXVMNI,2757091
AXULOHBQ,ZKENOUDA,236993
BEZYMBBT,APQGTRMF,963
BEZYMBBT,ATLDMDBO,48463960
BEZYMBBT,BTMOEMEP,5522174
BEZYMBBT,DBWLZWNK,230297
BEZYMBBT,DEWLVASR,434611
BEZYMBBT,DNMPSKTB,4742146
BEZYMBBT,ELQGMQWE,459414
BEZYMBBT,GYHKIVQT,17729264
BEZYMBBT,HXYSSRXE,4976215
BEZYMBBT,JPBRUTWP,4249054
BEZYMBBT,KJNSOAHR,11245078
BEZYMBBT,OKMBFVKS,1825230
BEZYMBBT,OXKURKXR,65285
BEZYMBBT,QRKRBYJL,2614602
BEZYMBBT,QVLMOEYE,1352535
BEZYMBBT,RAWUKQMJ,3770025
BEZYMBBT,RCBZUSIM,2928
BEZYMBBT,RJGPVEXX,563151
BEZYMBBT,SDWAYPIK,4797606
BEZYMBBT,STZDBITS,25351474
BEZYMBBT,UIFPPCLR,63178
BEZYMBBT,WBLJNPZQ,162719
BEZYMBBT,XMKRPGLB,556790
BEZYMBBT,XUOIQPFL,2589020
BEZYMBBT,YSYHGLQK,1999
BEZYMBBT,ZKENOUDA,237410
BJALXPFS,BSRMSVTC,284597
BJALXPFS,BTMOEMEP,5585084
BJALXPFS,DNMPSKTB,4745984
BJALXPFS,FITUEHWN,76585
BJALXPFS,GYHKIVQT,17746992
BJALXPFS,KEUWZRKO,364596
BJALXPFS,LTOYKIML,250363
BJALXPFS,OGAFEHLU,2847
BJALXPFS,OKMBFVKS,1826218
BJALXPFS,QJQJSWFU,122315
BJALXPFS,QRKRBYJL,2591214
BJALXPFS,QVLMOEYE,1349319
BJALXPFS,RAWUKQMJ,3797282
BJALXPFS,RCBZUSIM,2973
BJALXPFS,RJGPVEXX,576259
BJALXPFS,SDWAYPIK,4795996
BJALXPFS,SNHYOVBM,500312
BJALXPFS,SUOYXCHP,17872
BJALXPFS,UGEQLMXM,226111
BJALXPFS,VBYCLTYZ,248853
BJALXPFS,VMAQSTJE,35690
BJALXPFS,WBLJNPZQ,161937
BJALXPFS,XUOIQPFL,2600328
BJALXPFS,ZGJXVMNI,2749686
BJALXPFS,ZKENOUDA,235414
BLANHGYY,AXULOHBQ,82821
BLANHGYY,BJALXPFS,154429
BLANHGYY,BSRMSVTC,280917
BLANHGYY,DNMPSKTB,4762860
BLANHGYY,EVBVXETX,5638382
BLANHGYY,FDXPMYGF,1644
BLANHGYY,FITUEHWN,74908
BLANHGYY,FQCLOEXA,1805708
BLANHGYY,HCDTGMST,10084
BLANHGYY,HXYSSRXE,5014918
BLANHGYY,JBVHSUWY,355990
BLANHGYY,KEUWZRKO,360430
BLANHGYY,LPHPPJUG,1212681
BLANHGYY,LRVGFDFM,6050647
BLANHGYY,OGAFEHLU,3001
BLANHGYY,PYZMVUWD,148
BLANHGYY,RAWUKQMJ,3781858
BLANHGYY,ROACSLMG,2069536
BLANHGYY,SAHWCZNH,1808832
BLANHGYY,SUOYXCHP,17088
BLANHGYY,TGOELCAG,88157
BLANHGYY,UQYUIVVR,2419687
BLANHGYY,VMAQSTJE,35240
BLANHGYY,WBLJNPZQ,161937
BLANHGYY,WPQXWHYO,10764978
BLANHGYY,WQMVCOEM,12114
BLANHGYY,XUOIQPFL,2600328
BLANHGYY,YSYHGLQK,2230
BSRMSVTC,AHMDUILJ,85679
BSRMSVTC,BEZYMBBT,3572807
BSRMSVTC,DNMPSKTB,4754418
BSRMSVTC,EVBVXETX,5642524
BSRMSVTC,FITUEHWN,77024
BSRMSVTC,HCDTGMST,10059
BSRMSVTC,JBVHSUWY,355003
BSRMSVTC,JPBRUTWP,4253862
BSRMSVTC,KEUWZRKO,360613
BSRMSVTC,LSOIUSXD,61197
BSRMSVTC,LUENUFGA,3775775
BSRMSVTC,MBSBZBXA,3874840
BSRMSVTC,OGAFEHLU,2813
BSRMSVTC,PYZMVUWD,148
BSRMSVTC,QJQJSWFU,124157
BSRMSVTC,RJGPVEXX,564199
BSRMSVTC,ROACSLMG,2071508
BSRMSVTC,SAHWCZNH,1843385
BSRMSVTC,STZDBITS,25435362
BSRMSVTC,TGOELCAG,90343
BSRMSVTC,UIFPPCLR,64738
BSRMSVTC,VMAQSTJE,35186
BSRMSVTC,WPQXWHYO,10729126
BSRMSVTC,XIFHSOWQ,53909
BSRMSVTC,XUOIQPFL,2591950
BSRMSVTC,ZGJXVMNI,2693136
BTMOEMEP,APQGTRMF,963
BTMOEMEP,ATLDMDBO,48401420
BTMOEMEP,AXULOHBQ,79742
BTMOEMEP,BEZYMBBT,3582647
BTMOEMEP,BLANHGYY,1184
BTMOEMEP,BSRMSVTC,285681
BTMOEMEP,DBWLZWNK,230297
BTMOEMEP,DNMPSKTB,4725344
BTMOEMEP,FDXPMYGF,1739
BTMOEMEP,FRHNWLNI,1088013
BTMOEMEP,GYHKIVQT,17735318
BTMOEMEP,HXYSSRXE,4993110
BTMOEMEP,IGDVVKUD,1591
BTMOEMEP,JBVHSUWY,352378
BTMOEMEP,JPBRUTWP,4552152
BTMOEMEP,KJNSOAHR,11207136
BTMOEMEP,LPHPPJUG,1213129
BTMOEMEP,LRVGFDFM,6033108
BTMOEMEP,OGAFEHLU,2846
BTMOEMEP,OKMBFVKS,1827111
BTMOEMEP,OXKURKXR,65314
BTMOEMEP,QRKRBYJL,2601728
BTMOEMEP,QVLMOEYE,1343814
BTMOEMEP,RAWUKQMJ,3796587
BTMOEMEP,RCBZUSIM,2937
BTMOEMEP,RJGPVEXX,548395
BTMOEMEP,ROACSLMG,1990352
BTMOEMEP,SDWAYPIK,4795104
BTMOEMEP,SUOYXCHP,16712
BTMOEMEP,UGEQLMXM,234183
BTMOEMEP,UIFPPCLR,63178
BTMOEMEP,UXSPKBJR,481310
BTMOEMEP,VBYCLTYZ,242998
BTMOEMEP,WBLJNPZQ,162719
BTMOEMEP,WQMVCOEM,11820
BTMOEMEP,XIIEJNEE,95
BTMOEMEP,XUOIQPFL,2576024
BTMOEMEP,ZGJXVMNI,2759511
BTMOEMEP,ZKENOUDA,236983
BUZIIBYG,BTMOEMEP,5581372
BUZIIBYG,DJBLNPNC,95
BUZIIBYG,FDXPMYGF,1673
BUZIIBYG,FRHNWLNI,1088408
BUZIIBYG,FWUCPMMW,8239
BUZIIBYG,KEUWZRKO,353418
BUZIIBYG,RJGPVEXX,569468
BUZIIBYG,SAHWCZNH,1881988
BUZIIBYG,SNHYOVBM,518036
BUZIIBYG,UXSPKBJR,482501
BUZIIBYG,WPQXWHYO,10656114
BUZIIBYG,WQMVCOEM,11620
BUZIIBYG,XMKRPGLB,533718
BUZIIBYG,ZXERAXWP,36592
CCLHWFWF,DBWLZWNK,230297
CCLHWFWF,DUCMGGNW,1213099
CCLHWFWF,FCYBOAXC,91387896
CCLHWFWF,FITUEHWN,76880
CCLHWFWF,FQCLOEXA,1742381
CCLHWFWF,FWUCPMMW,8360
CCLHWFWF,HCDTGMST,12731
CCLHWFWF,JBVHSUWY,352174
CCLHWFWF,JPBRUTWP,4250298
CCLHWFWF,JSLXRQOK,55
CCLHWFWF,LRVGFDFM,6015751
CCLHWFWF,LSOIUSXD,62517
CCLHWFWF,LTOYKIML,261663
CCLHWFWF,NZKBIBNU,184255
CCLHWFWF,OGAFEHLU,2813
CCLHWFWF,QKXNTIIB,1725806
CCLHWFWF,QVLMOEYE,1347984
CCLHWFWF,SUOYXCHP,20078
CCLHWFWF,UGEQLMXM,223433
CCLHWFWF,VBYCLTYZ,241759
CCLHWFWF,VUAFAIYJ,585101
CCLHWFWF,VWMBASNE,26350
CCLHWFWF,WBLJNPZQ,166245
CCLHWFWF,WHPUAOID,22439
DBWLZWNK,APQGTRMF,947
DBWLZWNK,ATLDMDBO,48493920
DBWLZWNK,AXULOHBQ,79809
DBWLZWNK,BEZYMBBT,3606180
DBWLZWNK,BJALXPFS,154964
DBWLZWNK,BLANHGYY,1202
DBWLZWNK,BTMOEMEP,5587418
DBWLZWNK,DEWLVASR,432220
DBWLZWNK,DJBLNPNC,96
DBWLZWNK,DUCMGGNW,1218915
DBWLZWNK,ELQGMQWE,450780
DBWLZWNK,FQCLOEXA,1790822
DBWLZWNK,FRHNWLNI,1089640
DBWLZWNK,FWUCPMMW,8278
DBWLZWNK,GYHKIVQT,17746992
DBWLZWNK,HXYSSRXE,4998760
DBWLZWNK,IGDVVKUD,1652
DBWLZWNK,JBVHSUWY,353880
DBWLZWNK,JPBRUTWP,4253862
DBWLZWNK,JSLXRQOK,59
DBWLZWNK,LPHPPJUG,1213783
DBWLZWNK,LRVGFDFM,6034632
DBWLZWNK,LSOIUSXD,61243
DBWLZWNK,NAQIHUKZ,920
DBWLZWNK,NZKBIBNU,184678
DBWLZWNK,OKMBFVKS,1827047
DBWLZWNK,OXKURKXR,65387
DBWLZWNK,QRKRBYJL,2621856
DBWLZWNK,QVLMOEYE,1343825
DBWLZWNK,RAWUKQMJ,3773723
DBWLZWNK,RCBZUSIM,2950
DBWLZWNK,SDWAYPIK,4800962
DBWLZWNK,UIFPPCLR,62974
DBWLZWNK,UXSPKBJR,482762
DBWLZWNK,VBYCLTYZ,244046
DBWLZWNK,WHPUAOID,22428
DBWLZWNK,ZXERAXWP,35259
DDEXPPXU,APQGTRMF,915
DDEXPPXU,DEWLVASR,411440
DDEXPPXU,FRHNWLNI,1092821
DDEXPPXU,FTSVTTSR,255737
DDEXPPXU,JERHKLYW,9823
DDEXPPXU,JSLXRQOK,57
DDEXPPXU,NZKBIBNU,183314
DDEXPPXU,OJIFIHMZ,2618245
DDEXPPXU,ZKENOUDA,234815
DEWLVASR,APQGTRMF,958
DEWLVASR,BEZYMBBT,3672665
DEWLVASR,DNMPSKTB,4812338
DEWLVASR,DUCMGGNW,1205780
DEWLVASR,ELQGMQWE,436411
DEWLVASR,EVBVXETX,5571338
DEWLVASR,FCYBOAXC,91479808
DEWLVASR,FQCLOEXA,1744486
DEWLVASR,FTSVTTSR,257022
DEWLVASR,GYHKIVQT,17865182
DEWLVASR,JBVHSUWY,358876
DEWLVASR,JPBRUTWP,4296644
DEWLVASR,KJNSOAHR,11162549
DEWLVASR,LUENUFGA,3873074
DEWLVASR,OGAFEHLU,3026
DEWLVASR,OKMBFVKS,1882144
DEWLVASR,QJQJSWFU,115839
DEWLVASR,QVLMOEYE,1391196
DEWLVASR,RAWUKQMJ,3871553
DEWLVASR,SDWAYPIK,4893244
DEWLVASR,UIFPPCLR,60119
DEWLVASR,VMAQSTJE,37028
DEWLVASR,VWMBASNE,26313
DEWLVASR,WPQXWHYO,10658024
DEWLVASR,XUOIQPFL,2671533
DEWLVASR,ZCELVYQU,28074
DEWLVASR,ZGJXVMNI,2675893
DEWLVASR,ZKENOUDA,230877
DEWLVASR,ZXERAXWP,36475
DJBLNPNC,AXULOHBQ,82821
DJBLNPNC,BLANHGYY,1265
DJBLNPNC,BSRMSVTC,280917
DJBLNPNC,CCLHWFWF,20478352
DJBLNPNC,DNMPSKTB,4769787
DJBLNPNC,DUCMGGNW,1219912
DJBLNPNC,FDXPMYGF,1644
DJBLNPNC,FRHNWLNI,1092424
DJBLNPNC,LRVGFDFM,6050647
DJBLNPNC,MBSBZBXA,3847778
DJBLNPNC,ROACSLMG,2076201
DJBLNPNC,SUOYXCHP,17099
DJBLNPNC,UQYUIVVR,2426356
DJBLNPNC,UXSPKBJR,479668
DJBLNPNC,WBLJNPZQ,161937
DJBLNPNC,WHPUAOID,22568
DJBLNPNC,WQMVCOEM,12079
DNMPSKTB,AANGBULD,69617
DNMPSKTB,APQGTRMF,966
DNMPSKTB,ATLDMDBO,48666824
DNMPSKTB,AXULOHBQ,79614
DNMPSKTB,BEZYMBBT,3568768
DNMPSKTB,BTMOEMEP,5584397
DNMPSKTB,DBWLZWNK,230975
DNMPSKTB,DDEXPPXU,6147
DNMPSKTB,DEWLVASR,434735
DNMPSKTB,ELQGMQWE,451916
DNMPSKTB,EVBVXETX,5655718
DNMPSKTB,FQCLOEXA,1804704
DNMPSKTB,GYHKIVQT,17878510
DNMPSKTB,HXYSSRXE,4993110
DNMPSKTB,IGDVVKUD,1595
DNMPSKTB,JBVHSUWY,353480
DNMPSKTB,JPBRUTWP,4551428
DNMPSKTB,KJNSOAHR,11245078
DNMPSKTB,LPHPPJUG,1211655
DNMPSKTB,LRVGFDFM,6003554
DNMPSKTB,LSOIUSXD,62534
DNMPSKTB,MBSBZBXA,3946610
DNMPSKTB,OGAFEHLU,2985
DNMPSKTB,OKMBFVKS,1789961
DNMPSKTB,OXKURKXR,65285
DNMPSKTB,PYZMVUWD,143
DNMPSKTB,QJQJSWFU,124017
DNMPSKTB,QRKRBYJL,2572962
DNMPSKTB,QVLMOEYE,1324227
DNMPSKTB,RAWUKQMJ,3788973
DNMPSKTB,RCBZUSIM,2928
DNMPSKTB,RJGPVEXX,565042
DNMPSKTB,SDWAYPIK,4772872
DNMPSKTB,UGEQLMXM,233667
DNMPSKTB,UIFPPCLR,63178
DNMPSKTB,UQYUIVVR,2481788
DNMPSKTB,VBYCLTYZ,242998
DNMPSKTB,VMAQSTJE,35255
DNMPSKTB,VWMBASNE,25839
DNMPSKTB,WBLJNPZQ,162719
DNMPSKTB,XIFHSOWQ,52981
DNMPSKTB,XIIEJNEE,95
DNMPSKTB,XUOIQPFL,2573067
DNMPSKTB,ZGJXVMNI,2764548
DNMPSKTB,ZKENOUDA,238207
DNMPSKTB,ZXERAXWP,34914
DUCMGGNW,BLANHGYY,1184
DUCMGGNW,BUZIIBYG,17689980
DUCMGGNW,FRHNWLNI,1132233
DUCMGGNW,HXYSSRXE,4996944
DUCMGGNW,OGAFEHLU,2851
DUCMGGNW,RAWUKQMJ,3771395
DUCMGGNW,RJGPVEXX,562204
DUCMGGNW,SUOYXCHP,16670
DUCMGGNW,UXSPKBJR,482501
ELQGMQWE,AANGBULD,69828
ELQGMQWE,BEZYMBBT,3666174
ELQGMQWE,CCLHWFWF,20093338
ELQGMQWE,DBWLZWNK,225618
ELQGMQWE,DEWLVASR,414406
ELQGMQWE,DNMPSKTB,4804350
ELQGMQWE,FITUEHWN,77147
ELQGMQWE,FQCLOEXA,1725797
ELQGMQWE,FTSVTTSR,257329
ELQGMQWE,GYHKIVQT,17855540
ELQGMQWE,HXYSSRXE,5100854
ELQGMQWE,JERHKLYW,9551
ELQGMQWE,JSLXRQOK,55
ELQGMQWE,KEUWZRKO,363740
ELQGMQWE,KJNSOAHR,11175097
ELQGMQWE,LLHREMKS,28101
ELQGMQWE,NAQIHUKZ,920
ELQGMQWE,OKMBFVKS,1878287
ELQGMQWE,OXKURKXR,68737
ELQGMQWE,RJGPVEXX,568114
ELQGMQWE,SDWAYPIK,4879710
ELQGMQWE,UIFPPCLR,60101
ELQGMQWE,WBLJNPZQ,170379
ELQGMQWE,XIIEJNEE,95
ELQGMQWE,XMKRPGLB,534130
ELQGMQWE,XUOIQPFL,2671533
ELQGMQWE,YSYHGLQK,2094
ELQGMQWE,ZGJXVMNI,2683762
ELQGMQWE,ZKENOUDA,233487
ELQGMQWE,ZXERAXWP,36814
EVBVXETX,ATLDMDBO,48463960
EVBVXETX,AXULOHBQ,79742
EVBVXETX,BJALXPFS,155334
EVBVXETX,BLANHGYY,1184
EVBVXETX,BTMOEMEP,5584397
EVBVXETX,BUZIIBYG,17517266
EVBVXETX,DJBLNPNC,95
EVBVXETX,DNMPSKTB,4742146
EVBVXETX,FDXPMYGF,1739
EVBVXETX,FQCLOEXA,1742381
EVBVXETX,FRHNWLNI,1079772
EVBVXETX,IGDVVKUD,1595
EVBVXETX,JSLXRQOK,57
EVBVXETX,KEUWZRKO,366312
EVBVXETX,KJNSOAHR,11163082
EVBVXETX,LUENUFGA,3895423
EVBVXETX,MIRCVAMV,13634
EVBVXETX,NZKBIBNU,184255
EVBVXETX,QRKRBYJL,2614602
EVBVXETX,QVLMOEYE,1357913
EVBVXETX,RCBZUSIM,2928
EVBVXETX,SAHWCZNH,1886416
EVBVXETX,UXSPKBJR,482501
EVBVXETX,VBYCLTYZ,245040
EVBVXETX,WPQXWHYO,10613598
EVBVXETX,WQMVCOEM,11851
EVBVXETX,XIFHSOWQ,54588
EVBVXETX,XIPPENFQ,85599
EVBVXETX,ZCELVYQU,28059
EVBVXETX,ZGJXVMNI,2761812
FCYBOAXC,FRHNWLNI,1090701
FCYBOAXC,FWUCPMMW,8299
FCYBOAXC,LSOIUSXD,62515
FCYBOAXC,LUENUFGA,3880077
FCYBOAXC,MIRCVAMV,13702
FCYBOAXC,QKXNTIIB,1824677
FCYBOAXC,UQYUIVVR,2608104
FCYBOAXC,VUAFAIYJ,559123
FCYBOAXC,VWMBASNE,26244
FCYBOAXC,WBLJNPZQ,162593
FDXPMYGF,AHMDUILJ,84041
FDXPMYGF,BJALXPFS,154739
FDXPMYGF,BSRMSVTC,281847
FDXPMYGF,CCLHWFWF,20478352
FDXPMYGF,DNMPSKTB,4766244
FDXPMYGF,DUCMGGNW,1219468
FDXPMYGF,FITUEHWN,74908
FDXPMYGF,FQCLOEXA,1798680
FDXPMYGF,HCDTGMST,10036
FDXPMYGF,HXYSSRXE,5000840
FDXPMYGF,JERHKLYW,9875
FDXPMYGF,JPBRUTWP,4267612
FDXPMYGF,KEUWZRKO,364264
FDXPMYGF,LSOIUSXD,60905
FDXPMYGF,LUENUFGA,3727624
FDXPMYGF,MBSBZBXA,3861630
FDXPMYGF,OGAFEHLU,3001
FDXPMYGF,PYZMVUWD,148
FDXPMYGF,SAHWCZNH,1840939
FDXPMYGF,SUOYXCHP,17099
FDXPMYGF,TGOELCAG,88157
FDXPMYGF,VMAQSTJE,35638
FDXPMYGF,WBLJNPZQ,161867
FDXPMYGF,WPQXWHYO,10765039
FDXPMYGF,WQMVCOEM,12109
FDXPMYGF,XIFHSOWQ,54189
FITUEHWN,BEZYMBBT,3688263
FITUEHWN,DJBLNPNC,103
FITUEHWN,FDXPMYGF,1914
FITUEHWN,KJNSOAHR,11203246
FITUEHWN,RCBZUSIM,2972
FITUEHWN,SAAYMURU,20084
FITUEHWN,STZDBITS,25435362
FITUEHWN,UGEQLMXM,226111
FQCLOEXA,AANGBULD,66608
FQCLOEXA,AXULOHBQ,84095
FQCLOEXA,BSRMSVTC,282549
FQCLOEXA,DEWLVASR,414037
FQCLOEXA,DJBLNPNC,97
FQCLOEXA,EVBVXETX,5574340
FQCLOEXA,FITUEHWN,76789
FQCLOEXA,FRHNWLNI,1089327
FQCLOEXA,IGDVVKUD,1658
FQCLOEXA,JSLXRQOK,57
FQCLOEXA,KAGJCHMR,10954
FQCLOEXA,KEUWZRKO,363229
FQCLOEXA,LLHREMKS,27822
FQCLOEXA,LUENUFGA,3872953
FQCLOEXA,NZKBIBNU,184410
FQCLOEXA,PYZMVUWD,180
FQCLOEXA,QJQJSWFU,114655
FQCLOEXA,SAAYMURU,19817
FQCLOEXA,SAHWCZNH,1878498
FQCLOEXA,SNHYOVBM,498151
FQCLOEXA,VBYCLTYZ,247221
FQCLOEXA,VMAQSTJE,36557
FQCLOEXA,WPQXWHYO,10646789
FQCLOEXA,WQMVCOEM,11899
FQCLOEXA,XIFHSOWQ,53887
FQCLOEXA,XIPPENFQ,85520
FQCLOEXA,ZCELVYQU,27898
FQCLOEXA,ZKENOUDA,233781
FQCLOEXA,ZXERAXWP,36808
FRHNWLNI,ATLDMDBO,48458324
FRHNWLNI,BJALXPFS,155013
FRHNWLNI,BLANHGYY,1202
FRHNWLNI,DDEXPPXU,6216
FRHNWLNI,DNMPSKTB,4742146
FRHNWLNI,DUCMGGNW,1218256
FRHNWLNI,FDXPMYGF,1917
FRHNWLNI,GYHKIVQT,17737382
FRHNWLNI,HXYSSRXE,4999142
FRHNWLNI,IGDVVKUD,1658
FRHNWLNI,JPBRUTWP,4252641
FRHNWLNI,LPHPPJUG,1217300
FRHNWLNI,LRVGFDFM,6034149
FRHNWLNI,LUENUFGA,3872380
FRHNWLNI,QJQJSWFU,123144
FRHNWLNI,QRKRBYJL,2591626
FRHNWLNI,QVLMOEYE,1349134
FRHNWLNI,RCBZUSIM,2934
FRHNWLNI,UGEQLMXM,232154
FRHNWLNI,UIFPPCLR,63048
FRHNWLNI,UXSPKBJR,482501
FRHNWLNI,VBYCLTYZ,245358
FRHNWLNI,WQMVCOEM,11790
FRHNWLNI,XIPPENFQ,84493
FRHNWLNI,ZCELVYQU,27934
FRHNWLNI,ZGJXVMNI,2744826
FTSVTTSR,DBWLZWNK,230421
FTSVTTSR,DEWLVASR,414093
FTSVTTSR,FQCLOEXA,1748822
FTSVTTSR,GKQIJYDH,7583728
FTSVTTSR,KAGJCHMR,11358
FTSVTTSR,LLHREMKS,27560
FTSVTTSR,MBSBZBXA,3837814
FTSVTTSR,OKMBFVKS,1873534
FTSVTTSR,QKXNTIIB,1741311
FTSVTTSR,SAAYMURU,19701
FTSVTTSR,SNHYOVBM,502550
FTSVTTSR,STZDBITS,25369516
FTSVTTSR,SUOYXCHP,16846
FTSVTTSR,TGOELCAG,88098
FTSVTTSR,XIIEJNEE,95
FTSVTTSR,YSYHGLQK,2272
FTSVTTSR,ZCELVYQU,27999
FTSVTTSR,ZKENOUDA,233848
FWUCPMMW,AXULOHBQ,82821
FWUCPMMW,BLANHGYY,1242
FWUCPMMW,BSRMSVTC,282397
FWUCPMMW,DUCMGGNW,1224704
FWUCPMMW,FDXPMYGF,1688
FWUCPMMW,FRHNWLNI,1092424
FWUCPMMW,FTSVTTSR,249941
FWUCPMMW,JSLXRQOK,56
FWUCPMMW,LLHREMKS,28007
FWUCPMMW,NAQIHUKZ,920
FWUCPMMW,RCBZUSIM,3318
FWUCPMMW,ROACSLMG,2066916
FWUCPMMW,SUOYXCHP,17223
FWUCPMMW,WBLJNPZQ,161937
FWUCPMMW,WHPUAOID,22568
FWUCPMMW,WQMVCOEM,11714
FWUCPMMW,XIIEJNEE,94
GKQIJYDH,DBWLZWNK,229893
GKQIJYDH,ELQGMQWE,437630
GKQIJYDH,FDXPMYGF,1915
GKQIJYDH,FWUCPMMW,8337
GKQIJYDH,LLHREMKS,27822
GKQIJYDH,XMKRPGLB,564082
GKQIJYDH,YSYHGLQK,2141
GKQIJYDH,ZCELVYQU,28059
GKQIJYDH,ZXERAXWP,36592
GYHKIVQT,AANGBULD,69960
GYHKIVQT,APQGTRMF,966
GYHKIVQT,ATLDMDBO,48463960
GYHKIVQT,AXULOHBQ,79533
GYHKIVQT,BEZYMBBT,3559472
GYHKIVQT,BSRMSVTC,284443
GYHKIVQT,DEWLVASR,434735
GYHKIVQT,DNMPSKTB,4725786
GYHKIVQT,ELQGMQWE,459414
GYHKIVQT,EVBVXETX,5655718
GYHKIVQT,FCYBOAXC,91256040
GYHKIVQT,FDXPMYGF,1739
GYHKIVQT,FITUEHWN,83123
GYHKIVQT,FQCLOEXA,1806900
GYHKIVQT,HXYSSRXE,4976215
GYHKIVQT,JBVHSUWY,353480
GYHKIVQT,JPBRUTWP,4249054
GYHKIVQT,KEUWZRKO,364184
GYHKIVQT,KJNSOAHR,11239825
GYHKIVQT,LPHPPJUG,1208665
GYHKIVQT,NZKBIBNU,191632
GYHKIVQT,OGAFEHLU,2846
GYHKIVQT,OKMBFVKS,1824567
GYHKIVQT,PYZMVUWD,143
GYHKIVQT,QRKRBYJL,2605348
GYHKIVQT,QVLMOEYE,1353062
GYHKIVQT,RAWUKQMJ,3777287
GYHKIVQT,RCBZUSIM,2927
GYHKIVQT,RJGPVEXX,563151
GYHKIVQT,SAHWCZNH,1835179
GYHKIVQT,SDWAYPIK,4794158
GYHKIVQT,UIFPPCLR,63178
GYHKIVQT,UQYUIVVR,2615832
GYHKIVQT,VMAQSTJE,35255
GYHKIVQT,VWMBASNE,25716
GYHKIVQT,WBLJNPZQ,162719
GYHKIVQT,WPQXWHYO,10763130
GYHKIVQT,XUOIQPFL,2584434
GYHKIVQT,ZCELVYQU,26438
GYHKIVQT,ZGJXVMNI,2764548
GYHKIVQT,ZKENOUDA,238207
GYHKIVQT,ZXERAXWP,35115
HCDTGMST,AHMDUILJ,85679
HCDTGMST,ATLDMDBO,48793228
HCDTGMST,BEZYMBBT,3685788
HCDTGMST,BTMOEMEP,5518390
HCDTGMST,DDEXPPXU,6219
HCDTGMST,FRHNWLNI,1140046
HCDTGMST,JERHKLYW,9848
HCDTGMST,JPBRUTWP,4314892
HCDTGMST,KEUWZRKO,363365
HCDTGMST,LUENUFGA,3790220
HCDTGMST,MBSBZBXA,3847778
HCDTGMST,OKMBFVKS,1875066
HCDTGMST,QKXNTIIB,1765302
HCDTGMST,RCBZUSIM,3927
HCDTGMST,SAHWCZNH,1840270
HCDTGMST,STZDBITS,25369516
HCDTGMST,VBYCLTYZ,261629
HCDTGMST,VWMBASNE,25722
HCDTGMST,XIFHSOWQ,52896
HXYSSRXE,ATLDMDBO,48463960
HXYSSRXE,AXULOHBQ,79614
HXYSSRXE,BJALXPFS,155334
HXYSSRXE,BLANHGYY,1184
HXYSSRXE,BSRMSVTC,284382
HXYSSRXE,DEWLVASR,434607
HXYSSRXE,DNMPSKTB,4725344
HXYSSRXE,ELQGMQWE,449885
HXYSSRXE,EVBVXETX,5655718
HXYSSRXE,FDXPMYGF,1739
HXYSSRXE,FQCLOEXA,1806900
HXYSSRXE,GYHKIVQT,17731090
HXYSSRXE,JBVHSUWY,353480
HXYSSRXE,JPBRUTWP,4249054
HXYSSRXE,KEUWZRKO,361775
HXYSSRXE,LPHPPJUG,1221673
HXYSSRXE,LUENUFGA,3785076
HXYSSRXE,OGAFEHLU,2813
HXYSSRXE,OKMBFVKS,1825230
HXYSSRXE,PYZMVUWD,143
HXYSSRXE,QRKRBYJL,2611728
HXYSSRXE,RAWUKQMJ,3771395
HXYSSRXE,RJGPVEXX,565042
HXYSSRXE,SAHWCZNH,1835179
HXYSSRXE,SDWAYPIK,4795402
HXYSSRXE,SUOYXCHP,16705
HXYSSRXE,TGOELCAG,89953
HXYSSRXE,UGEQLMXM,234183
HXYSSRXE,UIFPPCLR,63178
HXYSSRXE,VWMBASNE,25716
HXYSSRXE,WPQXWHYO,10732994
HXYSSRXE,WQMVCOEM,11846
HXYSSRXE,XIFHSOWQ,52843
HXYSSRXE,XUOIQPFL,2588080
HXYSSRXE,ZGJXVMNI,2765552
HXYSSRXE,ZKENOUDA,238207
IGDVVKUD,ATLDMDBO,48535284
IGDVVKUD,BEZYMBBT,3600640
IGDVVKUD,BLANHGYY,1242
IGDVVKUD,BSRMSVTC,283391
IGDVVKUD,BTMOEMEP,5537542
IGDVVKUD,DJBLNPNC,95
IGDVVKUD,DNMPSKTB,4762860
IGDVVKUD,FDXPMYGF,1757
IGDVVKUD,FRHNWLNI,1092424
IGDVVKUD,FWUCPMMW,8035
IGDVVKUD,GYHKIVQT,17793054
IGDVVKUD,HXYSSRXE,4998418
IGDVVKUD,JPBRUTWP,4267612
IGDVVKUD,LPHPPJUG,1212578
IGDVVKUD,LRVGFDFM,6034632
IGDVVKUD,OKMBFVKS,1827711
IGDVVKUD,OXKURKXR,64872
IGDVVKUD,QRKRBYJL,2622808
IGDVVKUD,QVLMOEYE,1351434
IGDVVKUD,RAWUKQMJ,3783232
IGDVVKUD,ROACSLMG,1999028
IGDVVKUD,SDWAYPIK,4812664
IGDVVKUD,SNHYOVBM,502886
IGDVVKUD,SUOYXCHP,17133
IGDVVKUD,UGEQLMXM,226111
IGDVVKUD,UXSPKBJR,479668
IGDVVKUD,VBYCLTYZ,241725
IGDVVKUD,WHPUAOID,22637
IGDVVKUD,WQMVCOEM,12114
IGDVVKUD,XUOIQPFL,2600328
JBVHSUWY,AANGBULD,72828
JBVHSUWY,AHMDUILJ,84689
JBVHSUWY,APQGTRMF,949
JBVHSUWY,BEZYMBBT,3572807
JBVHSUWY,ELQGMQWE,458259
JBVHSUWY,FTSVTTSR,257135
JBVHSUWY,GYHKIVQT,17747670
JBVHSUWY,HCDTGMST,10055
JBVHSUWY,JERHKLYW,10015
JBVHSUWY,KEUWZRKO,364596
JBVHSUWY,KJNSOAHR,11218450
JBVHSUWY,LLHREMKS,28121
JBVHSUWY,LTOYKIML,250363
JBVHSUWY,NAQIHUKZ,916
JBVHSUWY,OKMBFVKS,1826218
JBVHSUWY,PYZMVUWD,150
JBVHSUWY,QJQJSWFU,119998
JBVHSUWY,SAAYMURU,19813
JBVHSUWY,SDWAYPIK,4800202
JBVHSUWY,STZDBITS,25369516
JBVHSUWY,SUOYXCHP,16846
JBVHSUWY,UIFPPCLR,64738
JBVHSUWY,VMAQSTJE,35507
JBVHSUWY,WHPUAOID,22428
JBVHSUWY,XUOIQPFL,2591950
JBVHSUWY,ZKENOUDA,236993
JBVHSUWY,ZXERAXWP,34744
JERHKLYW,AHMDUILJ,84041
JERHKLYW,BEZYMBBT,3696358
JERHKLYW,DBWLZWNK,239695
JERHKLYW,DNMPSKTB,4834534
JERHKLYW,LTOYKIML,263816
JERHKLYW,QKXNTIIB,1737996
JERHKLYW,RAWUKQMJ,3877902
JERHKLYW,TGOELCAG,88157
JERHKLYW,UIFPPCLR,61919
JERHKLYW,VUAFAIYJ,561190
JERHKLYW,XIPPENFQ,77647
JERHKLYW,XUOIQPFL,2683253
JPBRUTWP,AANGBULD,69585
JPBRUTWP,APQGTRMF,960
JPBRUTWP,ATLDMDBO,48666824
JPBRUTWP,AXULOHBQ,79742
JPBRUTWP,BEZYMBBT,3568768
JPBRUTWP,BLANHGYY,1291
JPBRUTWP,BSRMSVTC,284443
JPBRUTWP,BTMOEMEP,5584397
JPBRUTWP,DBWLZWNK,230975
JPBRUTWP,DEWLVASR,433534
JPBRUTWP,DNMPSKTB,4740424
JPBRUTWP,DUCMGGNW,1218256
JPBRUTWP,ELQGMQWE,451916
JPBRUTWP,EVBVXETX,5645414
JPBRUTWP,FDXPMYGF,1739
JPBRUTWP,FQCLOEXA,1804704
JPBRUTWP,FRHNWLNI,1088408
JPBRUTWP,GYHKIVQT,17896728
JPBRUTWP,HXYSSRXE,4993110
JPBRUTWP,IGDVVKUD,1595
JPBRUTWP,JBVHSUWY,353480
JPBRUTWP,KJNSOAHR,11245078
JPBRUTWP,LPHPPJUG,1216754
JPBRUTWP,LSOIUSXD,61164
JPBRUTWP,OGAFEHLU,2854
JPBRUTWP,OKMBFVKS,1822489
JPBRUTWP,OXKURKXR,65285
JPBRUTWP,PYZMVUWD,143
JPBRUTWP,QRKRBYJL,2594906
JPBRUTWP,QVLMOEYE,1343814
JPBRUTWP,RAWUKQMJ,3771395
JPBRUTWP,RCBZUSIM,2943
JPBRUTWP,RJGPVEXX,563151
JPBRUTWP,SDWAYPIK,4787186
JPBRUTWP,UGEQLMXM,225167
JPBRUTWP,UIFPPCLR,61275
JPBRUTWP,UXSPKBJR,482501
JPBRUTWP,VBYCLTYZ,243767
JPBRUTWP,VMAQSTJE,35255
JPBRUTWP,VWMBASNE,25716
JPBRUTWP,WBLJNPZQ,162719
JPBRUTWP,XUOIQPFL,2589020
JPBRUTWP,ZGJXVMNI,2765552
JPBRUTWP,ZKENOUDA,237410
JPBRUTWP,ZXERAXWP,34914
JSLXRQOK,BUZIIBYG,17737518
JSLXRQOK,DEWLVASR,411440
JSLXRQOK,DJBLNPNC,97
JSLXRQOK,FTSVTTSR,242410
JSLXRQOK,KJNSOAHR,11203246
JSLXRQOK,LLHREMKS,28007
JSLXRQOK,NAQIHUKZ,874
JSLXRQOK,QJQJSWFU,113907
JSLXRQOK,SAAYMURU,20084
JSLXRQOK,STZDBITS,25435362
JSLXRQOK,TGOELCAG,88157
JSLXRQOK,XIIEJNEE,94
JSLXRQOK,YSYHGLQK,2186
KAGJCHMR,AANGBULD,73167
KAGJCHMR,DDEXPPXU,6095
KAGJCHMR,FQCLOEXA,1749992
KAGJCHMR,FWUCPMMW,7864
KAGJCHMR,GKQIJYDH,7610702
KAGJCHMR,GYHKIVQT,17879976
KAGJCHMR,JERHKLYW,9800
KAGJCHMR,JSLXRQOK,56
KAGJCHMR,KJNSOAHR,11195023
KAGJCHMR,LLHREMKS,28974
KAGJCHMR,LPHPPJUG,1183032
KAGJCHMR,LTOYKIML,262324
KAGJCHMR,NZKBIBNU,183326
KAGJCHMR,OXKURKXR,68291
KAGJCHMR,RJGPVEXX,568820
KAGJCHMR,SDWAYPIK,4895036
KAGJCHMR,ZGJXVMNI,2685227
KAGJCHMR,ZKENOUDA,234831
KAGJCHMR,ZXERAXWP,37500
KEUWZRKO,ATLDMDBO,48550280
KEUWZRKO,EVBVXETX,5647282
KEUWZRKO,FRHNWLNI,1135806
KEUWZRKO,KJNSOAHR,11195834
KEUWZRKO,LUENUFGA,3792538
KEUWZRKO,MIRCVAMV,13247
KEUWZRKO,NZKBIBNU,190302
KEUWZRKO,QJQJSWFU,122709
KEUWZRKO,RJGPVEXX,562427
KEUWZRKO,SAHWCZNH,1809422
KEUWZRKO,UIFPPCLR,62974
KEUWZRKO,VWMBASNE,25723
KEUWZRKO,WPQXWHYO,10725238
KEUWZRKO,WQMVCOEM,13717
KEUWZRKO,XIFHSOWQ,52682
KEUWZRKO,XIPPENFQ,76727
KJNSOAHR,ATLDMDBO,48463960
KJNSOAHR,BTMOEMEP,5584397
KJNSOAHR,BUZIIBYG,17517266
KJNSOAHR,EVBVXETX,5584189
KJNSOAHR,FCYBOAXC,91376216
KJNSOAHR,FITUEHWN,78532
KJNSOAHR,GKQIJYDH,7579628
KJNSOAHR,IGDVVKUD,1595
KJNSOAHR,LRVGFDFM,6031716
KJNSOAHR,QRKRBYJL,2614602
KJNSOAHR,QVLMOEYE,1352535
KJNSOAHR,RCBZUSIM,2928
KJNSOAHR,UGEQLMXM,225167
KJNSOAHR,VBYCLTYZ,245040
KJNSOAHR,XIIEJNEE,95
KJNSOAHR,XIPPENFQ,78634
KJNSOAHR,XUOIQPFL,2613184
KJNSOAHR,ZCELVYQU,27898
KJNSOAHR,ZXERAXWP,36576
LLHREMKS,AANGBULD,69517
LLHREMKS,BEZYMBBT,3676380
LLHREMKS,BLANHGYY,1229
LLHREMKS,ELQGMQWE,437886
LLHREMKS,FWUCPMMW,8156
LLHREMKS,GKQIJYDH,7599156
LLHREMKS,KAGJCHMR,11358
LLHREMKS,KJNSOAHR,11174244
LLHREMKS,LSOIUSXD,62064
LLHREMKS,MBSBZBXA,3847778
LLHREMKS,QKXNTIIB,1737996
LLHREMKS,STZDBITS,25431044
LLHREMKS,UGEQLMXM,235061
LLHREMKS,VBYCLTYZ,245173
LLHREMKS,XIIEJNEE,94
LLHREMKS,YSYHGLQK,2179
LLHREMKS,ZCELVYQU,29141
LLHREMKS,ZXERAXWP,37095
LPHPPJUG,AHMDUILJ,85918
LPHPPJUG,AXULOHBQ,81747
LPHPPJUG,BSRMSVTC,282469
LPHPPJUG,DDEXPPXU,6050
LPHPPJUG,DEWLVASR,414406
LPHPPJUG,DJBLNPNC,97
LPHPPJUG,DNMPSKTB,4812188
LPHPPJUG,ELQGMQWE,436740
LPHPPJUG,EVBVXETX,5581772
LPHPPJUG,FQCLOEXA,1744486
LPHPPJUG,GYHKIVQT,17808638
LPHPPJUG,HXYSSRXE,5099000
LPHPPJUG,JBVHSUWY,368160
LPHPPJUG,KEUWZRKO,363229
LPHPPJUG,LUENUFGA,3872380
LPHPPJUG,NZKBIBNU,184603
LPHPPJUG,OGAFEHLU,3016
LPHPPJUG,OKMBFVKS,1868534
LPHPPJUG,PYZMVUWD,179
LPHPPJUG,RAWUKQMJ,3857482
LPHPPJUG,RJGPVEXX,568543
LPHPPJUG,SAHWCZNH,1876216
LPHPPJUG,SDWAYPIK,4876826
LPHPPJUG,VMAQSTJE,36965
LPHPPJUG,WPQXWHYO,10662701
LPHPPJUG,ZKENOUDA,234025
LPHPPJUG,ZXERAXWP,36846
LRVGFDFM,APQGTRMF,963
LRVGFDFM,ATLDMDBO,48511776
LRVGFDFM,AXULOHBQ,79742
LRVGFDFM,BJALXPFS,154656
LRVGFDFM,BLANHGYY,1184
LRVGFDFM,BTMOEMEP,5578558
LRVGFDFM,BUZIIBYG,17517266
LRVGFDFM,DBWLZWNK,227964
LRVGFDFM,DNMPSKTB,4742146
LRVGFDFM,EVBVXETX,5584189
LRVGFDFM,FCYBOAXC,91376216
LRVGFDFM,FRHNWLNI,1088408
LRVGFDFM,GYHKIVQT,17727776
LRVGFDFM,IGDVVKUD,1519
LRVGFDFM,JPBRUTWP,4548008
LRVGFDFM,LPHPPJUG,1213129
LRVGFDFM,LSOIUSXD,61164
LRVGFDFM,OGAFEHLU,2811
LRVGFDFM,OKMBFVKS,1825230
LRVGFDFM,OXKURKXR,65314
LRVGFDFM,QJQJSWFU,124017
LRVGFDFM,QRKRBYJL,2599773
LRVGFDFM,QVLMOEYE,1324227
LRVGFDFM,RCBZUSIM,2928
LRVGFDFM,ROACSLMG,1990352
LRVGFDFM,SDWAYPIK,4803091
LRVGFDFM,UGEQLMXM,233667
LRVGFDFM,UXSPKBJR,482501
LRVGFDFM,VBYCLTYZ,244114
LRVGFDFM,VUAFAIYJ,579505
LRVGFDFM,VWMBASNE,25716
LRVGFDFM,XIIEJNEE,95
LRVGFDFM,XMKRPGLB,554288
LRVGFDFM,XUOIQPFL,2591206
LRVGFDFM,ZGJXVMNI,2760514
LSOIUSXD,AHMDUILJ,85679
LSOIUSXD,AXULOHBQ,79864
LSOIUSXD,BJALXPFS,155994
LSOIUSXD,BLANHGYY,1212
LSOIUSXD,CCLHWFWF,20209992
LSOIUSXD,DEWLVASR,427848
LSOIUSXD,DNMPSKTB,4762860
LSOIUSXD,DUCMGGNW,1219912
LSOIUSXD,ELQGMQWE,457037
LSOIUSXD,EVBVXETX,5620746
LSOIUSXD,FCYBOAXC,91732280
LSOIUSXD,FQCLOEXA,1798680
LSOIUSXD,GYHKIVQT,17746992
LSOIUSXD,KJNSOAHR,11241819
LSOIUSXD,LPHPPJUG,1215491
LSOIUSXD,LRVGFDFM,6555462
LSOIUSXD,MIRCVAMV,12388
LSOIUSXD,QVLMOEYE,1354997
LSOIUSXD,UIFPPCLR,64738
LSOIUSXD,VUAFAIYJ,555521
LSOIUSXD,VWMBASNE,25846
LSOIUSXD,WBLJNPZQ,161512
LSOIUSXD,XIFHSOWQ,54165
LSOIUSXD,XIPPENFQ,77462
LSOIUSXD,XUOIQPFL,2600328
LSOIUSXD,ZKENOUDA,236993
LSOIUSXD,ZXERAXWP,35756
LTOYKIML,DEWLVASR,414093
LTOYKIML,FTSVTTSR,254586
LTOYKIML,JPBRUTWP,4296644
LTOYKIML,JSLXRQOK,55
LTOYKIML,LLHREMKS,28037
LTOYKIML,MBSBZBXA,3947468
LTOYKIML,NAQIHUKZ,920
LTOYKIML,OJIFIHMZ,2648052
LTOYKIML,OXKURKXR,69348
LTOYKIML,ROACSLMG,2061668
LTOYKIML,VUAFAIYJ,558895
LTOYKIML,WBLJNPZQ,161276
LTOYKIML,WHPUAOID,22456
LTOYKIML,XIIEJNEE,95
LTOYKIML,XUOIQPFL,2677024
LTOYKIML,ZCELVYQU,27913
LUENUFGA,AHMDUILJ,86559
LUENUFGA,ATLDMDBO,48763828
LUENUFGA,DNMPSKTB,4833870
LUENUFGA,EVBVXETX,5646792
LUENUFGA,HXYSSRXE,5106748
LUENUFGA,KJNSOAHR,11241004
LUENUFGA,LPHPPJUG,1196558
LUENUFGA,MIRCVAMV,13226
LUENUFGA,RAWUKQMJ,3863619
LUENUFGA,SAHWCZNH,1834512
LUENUFGA,UGEQLMXM,250012
LUENUFGA,VWMBASNE,25716
LUENUFGA,WPQXWHYO,10749651
LUENUFGA,XIFHSOWQ,52694
LUENUFGA,XIPPENFQ,76775
LUENUFGA,ZGJXVMNI,2682270
LUENUFGA,ZXERAXWP,34872
MBSBZBXA,AHMDUILJ,84713
MBSBZBXA,FTSVTTSR,253539
MBSBZBXA,HCDTGMST,9648
MBSBZBXA,JBVHSUWY,369513
MBSBZBXA,JERHKLYW,9509
MBSBZBXA,QJQJSWFU,115892
MBSBZBXA,QRKRBYJL,2700965
MBSBZBXA,ROACSLMG,2059976
MBSBZBXA,TGOELCAG,89953
MBSBZBXA,VBYCLTYZ,264289
MIRCVAMV,CCLHWFWF,20444320
MIRCVAMV,DBWLZWNK,239020
MIRCVAMV,DDEXPPXU,6095
MIRCVAMV,FCYBOAXC,91498824
MIRCVAMV,FITUEHWN,80996
MIRCVAMV,JERHKLYW,9596
MIRCVAMV,KAGJCHMR,11358
MIRCVAMV,LPHPPJUG,1195042
MIRCVAMV,LSOIUSXD,62529
MIRCVAMV,LTOYKIML,263603
MIRCVAMV,NZKBIBNU,183314
MIRCVAMV,OXKURKXR,65272
MIRCVAMV,VUAFAIYJ,583292
MIRCVAMV,ZGJXVMNI,2678081
NAQIHUKZ,DBWLZWNK,239020
NAQIHUKZ,DEWLVASR,411440
NAQIHUKZ,FITUEHWN,74875
NAQIHUKZ,FTSVTTSR,242367
NAQIHUKZ,GKQIJYDH,7590776
NAQIHUKZ,KAGJCHMR,11358
NAQIHUKZ,LLHREMKS,28007
NAQIHUKZ,OKMBFVKS,1875066
NAQIHUKZ,SAAYMURU,19566
NAQIHUKZ,SNHYOVBM,504774
NAQIHUKZ,STZDBITS,25393092
NAQIHUKZ,TGOELCAG,88157
NAQIHUKZ,WHPUAOID,22637
NAQIHUKZ,YSYHGLQK,2263
NAQIHUKZ,ZCELVYQU,29141
NZKBIBNU,AANGBULD,69517
NZKBIBNU,DEWLVASR,414093
NZKBIBNU,DUCMGGNW,1218915
NZKBIBNU,ELQGMQWE,436411
NZKBIBNU,EVBVXETX,5570912
NZKBIBNU,FITUEHWN,77147
NZKBIBNU,FRHNWLNI,1089640
NZKBIBNU,FTSVTTSR,254586
NZKBIBNU,FWUCPMMW,8271
NZKBIBNU,JSLXRQOK,55
NZKBIBNU,KEUWZRKO,363618
NZKBIBNU,KJNSOAHR,11174244
NZKBIBNU,LTOYKIML,261804
NZKBIBNU,LUENUFGA,3883120
NZKBIBNU,NAQIHUKZ,913
NZKBIBNU,OKMBFVKS,1879857
NZKBIBNU,QJQJSWFU,115839
NZKBIBNU,RJGPVEXX,568114
NZKBIBNU,SAHWCZNH,1880068
NZKBIBNU,VUAFAIYJ,558895
NZKBIBNU,VWMBASNE,26406
NZKBIBNU,WPQXWHYO,10661888
NZKBIBNU,XIFHSOWQ,55091
NZKBIBNU,XIIEJNEE,95
NZKBIBNU,XIPPENFQ,85463
NZKBIBNU,ZCELVYQU,27913
NZKBIBNU,ZKENOUDA,233848
NZKBIBNU,ZXERAXWP,36814
OGAFEHLU,AHMDUILJ,85679
OGAFEHLU,APQGTRMF,939
OGAFEHLU,ATLDMDBO,48744116
OGAFEHLU,BEZYMBBT,3584356
OGAFEHLU,BTMOEMEP,5590684
OGAFEHLU,DBWLZWNK,236233
OGAFEHLU,DNMPSKTB,4739438
OGAFEHLU,DUCMGGNW,1219912
OGAFEHLU,FCYBOAXC,91775336
OGAFEHLU,FRHNWLNI,1092821
OGAFEHLU,GYHKIVQT,17906904
OGAFEHLU,IGDVVKUD,1721
OGAFEHLU,JPBRUTWP,4574316
OGAFEHLU,LPHPPJUG,1212578
OGAFEHLU,LRVGFDFM,6024667
OGAFEHLU,LSOIUSXD,60905
OGAFEHLU,OKMBFVKS,1810500
OGAFEHLU,OXKURKXR,64762
OGAFEHLU,QJQJSWFU,122262
OGAFEHLU,QRKRBYJL,2577043
OGAFEHLU,QVLMOEYE,1324068
OGAFEHLU,RCBZUSIM,2988
OGAFEHLU,RJGPVEXX,574762
OGAFEHLU,ROACSLMG,1999028
OGAFEHLU,SDWAYPIK,4811756
OGAFEHLU,UGEQLMXM,234155
OGAFEHLU,UIFPPCLR,64465
OGAFEHLU,UQYUIVVR,2619584
OGAFEHLU,UXSPKBJR,479668
OGAFEHLU,VBYCLTYZ,242835
OGAFEHLU,VUAFAIYJ,582523
OGAFEHLU,VWMBASNE,25687
OGAFEHLU,WBLJNPZQ,161937
OGAFEHLU,WQMVCOEM,12114
OGAFEHLU,XIFHSOWQ,54547
OGAFEHLU,XIIEJNEE,94
OGAFEHLU,XUOIQPFL,2597260
OGAFEHLU,ZGJXVMNI,2757091
OGAFEHLU,ZKENOUDA,236767
OJIFIHMZ,AHMDUILJ,85816
OJIFIHMZ,BEZYMBBT,3678470
OJIFIHMZ,FITUEHWN,77272
OJIFIHMZ,FTSVTTSR,257329
OJIFIHMZ,JERHKLYW,9509
OJIFIHMZ,KEUWZRKO,365372
OJIFIHMZ,NAQIHUKZ,967
OJIFIHMZ,SNHYOVBM,498151
OJIFIHMZ,STZDBITS,25355778
OJIFIHMZ,UXSPKBJR,484377
OKMBFVKS,AANGBULD,69246
OKMBFVKS,APQGTRMF,963
OKMBFVKS,ATLDMDBO,48463960
OKMBFVKS,AXULOHBQ,79742
OKMBFVKS,BEZYMBBT,3568768
OKMBFVKS,BLANHGYY,1184
OKMBFVKS,BTMOEMEP,5584397
OKMBFVKS,DBWLZWNK,230297
OKMBFVKS,DEWLVASR,433392
OKMBFVKS,DJBLNPNC,95
OKMBFVKS,DNMPSKTB,4742146
OKMBFVKS,ELQGMQWE,457771
OKMBFVKS,FCYBOAXC,91866224
OKMBFVKS,FDXPMYGF,1673
OKMBFVKS,FQCLOEXA,1793416
OKMBFVKS,FRHNWLNI,1088408
OKMBFVKS,GYHKIVQT,17735318
OKMBFVKS,IGDVVKUD,1595
OKMBFVKS,JPBRUTWP,4249054
OKMBFVKS,KJNSOAHR,11193806
OKMBFVKS,LLHREMKS,27224
OKMBFVKS,OGAFEHLU,2854
OKMBFVKS,PYZMVUWD,146
OKMBFVKS,QJQJSWFU,122570
OKMBFVKS,QRKRBYJL,2614602
OKMBFVKS,QVLMOEYE,1352535
OKMBFVKS,RCBZUSIM,2927
OKMBFVKS,RJGPVEXX,561637
OKMBFVKS,SDWAYPIK,4797606
OKMBFVKS,UGEQLMXM,228526
OKMBFVKS,UIFPPCLR,63178
OKMBFVKS,UQYUIVVR,2603199
OKMBFVKS,UXSPKBJR,482501
OKMBFVKS,VWMBASNE,25716
OKMBFVKS,WBLJNPZQ,162719
OKMBFVKS,XUOIQPFL,2589020
OKMBFVKS,ZGJXVMNI,2759901
OKMBFVKS,ZKENOUDA,236166
OKMBFVKS,ZXERAXWP,35166
OXKURKXR,APQGTRMF,946
OXKURKXR,ATLDMDBO,48484580
OXKURKXR,AXULOHBQ,82723
OXKURKXR,BEZYMBBT,3581960
OXKURKXR,BTMOEMEP,5597823
OXKURKXR,DEWLVASR,430255
OXKURKXR,DJBLNPNC,97
OXKURKXR,DNMPSKTB,4762860
OXKURKXR,ELQGMQWE,458228
OXKURKXR,FDXPMYGF,1910
OXKURKXR,FQCLOEXA,1805708
OXKURKXR,FTSVTTSR,255737
OXKURKXR,GYHKIVQT,17746992
OXKURKXR,HXYSSRXE,5014918
OXKURKXR,IGDVVKUD,1652
OXKURKXR,JBVHSUWY,355990
OXKURKXR,JPBRUTWP,4266103
OXKURKXR,JSLXRQOK,56
OXKURKXR,LPHPPJUG,1212578
OXKURKXR,LSOIUSXD,61166
OXKURKXR,LTOYKIML,263942
OXKURKXR,NAQIHUKZ,920
OXKURKXR,OJIFIHMZ,2618270
OXKURKXR,QRKRBYJL,2620063
OXKURKXR,QVLMOEYE,1351517
OXKURKXR,RAWUKQMJ,3783232
OXKURKXR,RCBZUSIM,2973
OXKURKXR,SDWAYPIK,4812664
OXKURKXR,TGOELCAG,88157
OXKURKXR,UGEQLMXM,226900
OXKURKXR,VBYCLTYZ,244134
OXKURKXR,VMAQSTJE,35690
OXKURKXR,WBLJNPZQ,161937
OXKURKXR,XUOIQPFL,2600328
OXKURKXR,ZGJXVMNI,2757091
OXKURKXR,ZKENOUDA,236993
PYZMVUWD,AHMDUILJ,85679
PYZMVUWD,DDEXPPXU,6186
PYZMVUWD,EVBVXETX,5627868
PYZMVUWD,JPBRUTWP,4266062
PYZMVUWD,KJNSOAHR,11245893
PYZMVUWD,LSOIUSXD,60905
PYZMVUWD,LUENUFGA,3777806
PYZMVUWD,MIRCVAMV,12388
PYZMVUWD,OGAFEHLU,2893
PYZMVUWD,OXKURKXR,64762
PYZMVUWD,QJQJSWFU,122262
PYZMVUWD,RJGPVEXX,575678
PYZMVUWD,SAHWCZNH,1840939
PYZMVUWD,UGEQLMXM,226111
PYZMVUWD,UIFPPCLR,64738
PYZMVUWD,VUAFAIYJ,583080
PYZMVUWD,VWMBASNE,25722
PYZMVUWD,XIFHSOWQ,53961
PYZMVUWD,XIPPENFQ,77647
PYZMVUWD,XMKRPGLB,565292
PYZMVUWD,ZKENOUDA,236388
PYZMVUWD,ZXERAXWP,34891
QJQJSWFU,AANGBULD,72895
QJQJSWFU,BEZYMBBT,3572807
QJQJSWFU,BUZIIBYG,17587906
QJQJSWFU,DUCMGGNW,1219912
QJQJSWFU,GYHKIVQT,17802492
QJQJSWFU,HCDTGMST,13410
QJQJSWFU,KJNSOAHR,11224892
QJQJSWFU,LPHPPJUG,1215491
QJQJSWFU,LTOYKIML,249895
QJQJSWFU,OKMBFVKS,1827047
QJQJSWFU,OXKURKXR,65983
QJQJSWFU,QRKRBYJL,2621856
QJQJSWFU,QVLMOEYE,1354997
QJQJSWFU,RCBZUSIM,2972
QJQJSWFU,RJGPVEXX,561198
QJQJSWFU,SDWAYPIK,4810916
QJQJSWFU,UXSPKBJR,482762
QJQJSWFU,VWMBASNE,25690
QJQJSWFU,ZKENOUDA,235414
QKXNTIIB,AHMDUILJ,85148
QKXNTIIB,APQGTRMF,936
QKXNTIIB,BLANHGYY,1184
QKXNTIIB,FTSVTTSR,254274
QKXNTIIB,JERHKLYW,9651
QKXNTIIB,JSLXRQOK,56
QKXNTIIB,NAQIHUKZ,912
QKXNTIIB,QJQJSWFU,120584
QKXNTIIB,SAAYMURU,19818
QKXNTIIB,SNHYOVBM,500689
QKXNTIIB,TGOELCAG,90411
QKXNTIIB,UQYUIVVR,2412993
QKXNTIIB,XIIEJNEE,95
QRKRBYJL,AANGBULD,69382
QRKRBYJL,APQGTRMF,948
QRKRBYJL,ATLDMDBO,48369028
QRKRBYJL,AXULOHBQ,77869
QRKRBYJL,BEZYMBBT,3568768
QRKRBYJL,BJALXPFS,155334
QRKRBYJL,BLANHGYY,1184
QRKRBYJL,BTMOEMEP,5584716
QRKRBYJL,BUZIIBYG,17517266
QRKRBYJL,DBWLZWNK,230297
QRKRBYJL,DEWLVASR,433392
QRKRBYJL,DNMPSKTB,4665132
QRKRBYJL,EVBVXETX,5587774
QRKRBYJL,FDXPMYGF,1673
QRKRBYJL,FQCLOEXA,1788557
QRKRBYJL,FRHNWLNI,1089327
QRKRBYJL,GYHKIVQT,17878510
QRKRBYJL,HXYSSRXE,4982226
QRKRBYJL,IGDVVKUD,1595
QRKRBYJL,JPBRUTWP,4551428
QRKRBYJL,LPHPPJUG,1208787
QRKRBYJL,LRVGFDFM,6019464
QRKRBYJL,LSOIUSXD,61164
QRKRBYJL,OGAFEHLU,2860
QRKRBYJL,OKMBFVKS,1825230
QRKRBYJL,OXKURKXR,65314
QRKRBYJL,QJQJSWFU,124196
QRKRBYJL,QVLMOEYE,1324227
QRKRBYJL,RAWUKQMJ,3773723
QRKRBYJL,RCBZUSIM,2949
QRKRBYJL,RJGPVEXX,561637
QRKRBYJL,SDWAYPIK,4769232
QRKRBYJL,UGEQLMXM,234344
QRKRBYJL,UIFPPCLR,63178
QRKRBYJL,UXSPKBJR,482501
QRKRBYJL,VBYCLTYZ,244114
QRKRBYJL,WBLJNPZQ,162719
QRKRBYJL,WQMVCOEM,11851
QRKRBYJL,XUOIQPFL,2587458
QRKRBYJL,ZGJXVMNI,2765457
QRKRBYJL,ZKENOUDA,236269
QVLMOEYE,APQGTRMF,948
QVLMOEYE,ATLDMDBO,48696908
QVLMOEYE,AXULOHBQ,78266
QVLMOEYE,BEZYMBBT,3571782
QVLMOEYE,BJALXPFS,155081
QVLMOEYE,BLANHGYY,1204
QVLMOEYE,BSRMSVTC,284812
QVLMOEYE,BTMOEMEP,5582001
QVLMOEYE,DEWLVASR,431613
QVLMOEYE,DJBLNPNC,96
QVLMOEYE,DNMPSKTB,4670768
QVLMOEYE,ELQGMQWE,450298
QVLMOEYE,FDXPMYGF,1636
QVLMOEYE,FQCLOEXA,1788557
QVLMOEYE,FRHNWLNI,1089723
QVLMOEYE,GYHKIVQT,17746282
QVLMOEYE,HXYSSRXE,4982226
QVLMOEYE,IGDVVKUD,1654
QVLMOEYE,JPBRUTWP,4550942
QVLMOEYE,LPHPPJUG,1208787
QVLMOEYE,OKMBFVKS,1825693
QVLMOEYE,OXKURKXR,65518
QVLMOEYE,QRKRBYJL,2564872
QVLMOEYE,RAWUKQMJ,3798930
QVLMOEYE,RCBZUSIM,2947
QVLMOEYE,SDWAYPIK,4800472
QVLMOEYE,UGEQLMXM,229476
QVLMOEYE,UIFPPCLR,62994
QVLMOEYE,UXSPKBJR,483126
QVLMOEYE,VBYCLTYZ,246220
QVLMOEYE,VWMBASNE,25764
QVLMOEYE,WBLJNPZQ,162996
QVLMOEYE,WQMVCOEM,11912
QVLMOEYE,XUOIQPFL,2592148
QVLMOEYE,ZGJXVMNI,2760904
QVLMOEYE,ZKENOUDA,236557
RAWUKQMJ,AXULOHBQ,79533
RAWUKQMJ,BJALXPFS,155334
RAWUKQMJ,BLANHGYY,1184
RAWUKQMJ,DEWLVASR,434611
RAWUKQMJ,DJBLNPNC,100
RAWUKQMJ,DNMPSKTB,4727823
RAWUKQMJ,EVBVXETX,5648010
RAWUKQMJ,FDXPMYGF,1739
RAWUKQMJ,FQCLOEXA,1802004
RAWUKQMJ,GYHKIVQT,17737382
RAWUKQMJ,HXYSSRXE,4979092
RAWUKQMJ,KEUWZRKO,364184
RAWUKQMJ,LPHPPJUG,1190073
RAWUKQMJ,NZKBIBNU,193985
RAWUKQMJ,OGAFEHLU,2928
RAWUKQMJ,RJGPVEXX,562891
RAWUKQMJ,SAHWCZNH,1835179
RAWUKQMJ,UGEQLMXM,225266
RAWUKQMJ,VMAQSTJE,35255
RAWUKQMJ,WBLJNPZQ,162719
RAWUKQMJ,WPQXWHYO,10763130
RAWUKQMJ,XIFHSOWQ,53153
RAWUKQMJ,ZGJXVMNI,2762192
RAWUKQMJ,ZKENOUDA,236454
RCBZUSIM,APQGTRMF,944
RCBZUSIM,ATLDMDBO,48570104
RCBZUSIM,AXULOHBQ,82256
RCBZUSIM,BJALXPFS,154197
RCBZUSIM,BLANHGYY,1242
RCBZUSIM,BTMOEMEP,5545972
RCBZUSIM,BUZIIBYG,17704394
RCBZUSIM,DJBLNPNC,108
RCBZUSIM,DNMPSKTB,4745984
RCBZUSIM,FDXPMYGF,1682
RCBZUSIM,FQCLOEXA,1798680
RCBZUSIM,FRHNWLNI,1092821
RCBZUSIM,GYHKIVQT,17793054
RCBZUSIM,HXYSSRXE,5014918
RCBZUSIM,JBVHSUWY,355111
RCBZUSIM,JPBRUTWP,4267612
RCBZUSIM,LPHPPJUG,1209585
RCBZUSIM,OXKURKXR,64872
RCBZUSIM,QRKRBYJL,2626072
RCBZUSIM,QVLMOEYE,1354997
RCBZUSIM,RAWUKQMJ,3783232
RCBZUSIM,RJGPVEXX,573686
RCBZUSIM,STZDBITS,25435362
RCBZUSIM,UIFPPCLR,64738
RCBZUSIM,VBYCLTYZ,244134
RCBZUSIM,WBLJNPZQ,161937
RCBZUSIM,XUOIQPFL,2600328
RCBZUSIM,YSYHGLQK,2023
RCBZUSIM,ZGJXVMNI,2756074
RCBZUSIM,ZKENOUDA,236388
RJGPVEXX,AANGBULD,69840
RJGPVEXX,DEWLVASR,414406
RJGPVEXX,EVBVXETX,5570912
RJGPVEXX,FITUEHWN,77147
RJGPVEXX,FQCLOEXA,1744353
RJGPVEXX,FRHNWLNI,1089640
RJGPVEXX,GYHKIVQT,17838044
RJGPVEXX,JBVHSUWY,368306
RJGPVEXX,KEUWZRKO,363722
RJGPVEXX,KJNSOAHR,11174244
RJGPVEXX,LUENUFGA,3872380
RJGPVEXX,MIRCVAMV,13486
RJGPVEXX,NAQIHUKZ,920
RJGPVEXX,NZKBIBNU,185917
RJGPVEXX,OGAFEHLU,3076
RJGPVEXX,PYZMVUWD,179
RJGPVEXX,SAHWCZNH,1872728
RJGPVEXX,SDWAYPIK,4879710
RJGPVEXX,UGEQLMXM,249187
RJGPVEXX,UIFPPCLR,60098
RJGPVEXX,UQYUIVVR,2414482
RJGPVEXX,VBYCLTYZ,263160
RJGPVEXX,VUAFAIYJ,558895
RJGPVEXX,VWMBASNE,26369
RJGPVEXX,WPQXWHYO,10661888
RJGPVEXX,XIFHSOWQ,53898
RJGPVEXX,XIPPENFQ,85408
RJGPVEXX,ZKENOUDA,233492
ROACSLMG,APQGTRMF,963
ROACSLMG,ATLDMDBO,48463960
ROACSLMG,BEZYMBBT,3568768
ROACSLMG,BTMOEMEP,5578558
ROACSLMG,DJBLNPNC,95
ROACSLMG,FDXPMYGF,1739
ROACSLMG,GYHKIVQT,17737382
ROACSLMG,HCDTGMST,12728
ROACSLMG,IGDVVKUD,1591
ROACSLMG,JPBRUTWP,4249054
ROACSLMG,OXKURKXR,66357
ROACSLMG,QRKRBYJL,2614602
ROACSLMG,RAWUKQMJ,3771395
ROACSLMG,RCBZUSIM,3368
ROACSLMG,SNHYOVBM,498151
ROACSLMG,TGOELCAG,92740
ROACSLMG,UXSPKBJR,481310
ROACSLMG,VBYCLTYZ,245040
ROACSLMG,WQMVCOEM,11851
ROACSLMG,XIIEJNEE,95
ROACSLMG,XMKRPGLB,560878
ROACSLMG,XUOIQPFL,2589020
SAAYMURU,BEZYMBBT,3612737
SAAYMURU,BJALXPFS,154496
SAAYMURU,FDXPMYGF,1750
SAAYMURU,FWUCPMMW,8090
SAAYMURU,KAGJCHMR,12065
SAAYMURU,MBSBZBXA,3847778
SAAYMURU,STZDBITS,25431044
SAAYMURU,SUOYXCHP,17216
SAAYMURU,UQYUIVVR,2420566
SAAYMURU,XIIEJNEE,94
SAHWCZNH,ATLDMDBO,48541484
SAHWCZNH,BJALXPFS,162866
SAHWCZNH,DNMPSKTB,4808128
SAHWCZNH,EVBVXETX,5655718
SAHWCZNH,FITUEHWN,83123
SAHWCZNH,FRHNWLNI,1131089
SAHWCZNH,HXYSSRXE,5101608
SAHWCZNH,JBVHSUWY,353480
SAHWCZNH,JSLXRQOK,58
SAHWCZNH,KEUWZRKO,364184
SAHWCZNH,KJNSOAHR,11193806
SAHWCZNH,LUENUFGA,3730636
SAHWCZNH,MIRCVAMV,13259
SAHWCZNH,NZKBIBNU,190034
SAHWCZNH,RAWUKQMJ,3857328
SAHWCZNH,RCBZUSIM,3873
SAHWCZNH,RJGPVEXX,561637
SAHWCZNH,WPQXWHYO,10710172
SAHWCZNH,WQMVCOEM,13497
SAHWCZNH,XIFHSOWQ,52630
SAHWCZNH,XIPPENFQ,76628
SAHWCZNH,ZGJXVMNI,2682270
SAHWCZNH,ZXERAXWP,34881
SDWAYPIK,AANGBULD,69749
SDWAYPIK,APQGTRMF,960
SDWAYPIK,ATLDMDBO,48701736
SDWAYPIK,AXULOHBQ,79742
SDWAYPIK,BEZYMBBT,3549821
SDWAYPIK,BLANHGYY,1184
SDWAYPIK,BTMOEMEP,5578558
SDWAYPIK,DBWLZWNK,230975
SDWAYPIK,DEWLVASR,433662
SDWAYPIK,DJBLNPNC,95
SDWAYPIK,DNMPSKTB,4721484
SDWAYPIK,DUCMGGNW,1198444
SDWAYPIK,ELQGMQWE,451916
SDWAYPIK,FITUEHWN,84585
SDWAYPIK,FQCLOEXA,1793904
SDWAYPIK,GYHKIVQT,17878510
SDWAYPIK,HCDTGMST,12109
SDWAYPIK,HXYSSRXE,4976215
SDWAYPIK,IGDVVKUD,1595
SDWAYPIK,JPBRUTWP,4552152
SDWAYPIK,KJNSOAHR,11246752
SDWAYPIK,LPHPPJUG,1210691
SDWAYPIK,LRVGFDFM,6015751
SDWAYPIK,LSOIUSXD,61164
SDWAYPIK,OGAFEHLU,2813
SDWAYPIK,OKMBFVKS,1810845
SDWAYPIK,OXKURKXR,65414
SDWAYPIK,QJQJSWFU,123962
SDWAYPIK,QRKRBYJL,2581909
SDWAYPIK,QVLMOEYE,1324227
SDWAYPIK,RAWUKQMJ,3793786
SDWAYPIK,RCBZUSIM,2945
SDWAYPIK,RJGPVEXX,562583
SDWAYPIK,UGEQLMXM,234141
SDWAYPIK,UIFPPCLR,63057
SDWAYPIK,UXSPKBJR,482501
SDWAYPIK,VBYCLTYZ,244436
SDWAYPIK,VMAQSTJE,35255
SDWAYPIK,VWMBASNE,25716
SDWAYPIK,WBLJNPZQ,162719
SDWAYPIK,WQMVCOEM,11837
SDWAYPIK,XUOIQPFL,2576613
SDWAYPIK,ZGJXVMNI,2765552
SDWAYPIK,ZKENOUDA,238207
SDWAYPIK,ZXERAXWP,34975
SNHYOVBM,AHMDUILJ,83884
SNHYOVBM,BLANHGYY,1204
SNHYOVBM,DBWLZWNK,230595
SNHYOVBM,DJBLNPNC,96
SNHYOVBM,DUCMGGNW,1214194
SNHYOVBM,ELQGMQWE,442469
SNHYOVBM,FDXPMYGF,1757
SNHYOVBM,FRHNWLNI,1092821
SNHYOVBM,RAWUKQMJ,3826839
SNHYOVBM,ZXERAXWP,37343
STZDBITS,DBWLZWNK,232935
STZDBITS,FQCLOEXA,1742381
STZDBITS,FWUCPMMW,8337
STZDBITS,LTOYKIML,262808
STZDBITS,OJIFIHMZ,2606858
STZDBITS,PYZMVUWD,143
STZDBITS,SNHYOVBM,502286
STZDBITS,XIIEJNEE,95
STZDBITS,XMKRPGLB,561547
STZDBITS,YSYHGLQK,2151
STZDBITS,ZXERAXWP,34975
SUOYXCHP,FCYBOAXC,92064968
SUOYXCHP,FITUEHWN,74908
SUOYXCHP,FQCLOEXA,1798680
SUOYXCHP,HCDTGMST,10479
SUOYXCHP,KEUWZRKO,364264
SUOYXCHP,LUENUFGA,3790220
SUOYXCHP,QJQJSWFU,122315
SUOYXCHP,RJGPVEXX,574762
SUOYXCHP,SAAYMURU,20084
SUOYXCHP,STZDBITS,25369516
SUOYXCHP,VMAQSTJE,35690
SUOYXCHP,WPQXWHYO,10765039
SUOYXCHP,XIFHSOWQ,53025
TGOELCAG,BUZIIBYG,17704394
TGOELCAG,DUCMGGNW,1208773
TGOELCAG,FRHNWLNI,1137136
TGOELCAG,JERHKLYW,9875
TGOELCAG,JPBRUTWP,4300990
TGOELCAG,KEUWZRKO,362547
TGOELCAG,LLHREMKS,28109
TGOELCAG,LUENUFGA,3789765
TGOELCAG,OJIFIHMZ,2744012
TGOELCAG,PYZMVUWD,148
TGOELCAG,XIFHSOWQ,52959
TGOELCAG,XMKRPGLB,533895
TGOELCAG,YSYHGLQK,2164
UGEQLMXM,APQGTRMF,937
UGEQLMXM,ATLDMDBO,48588820
UGEQLMXM,AXULOHBQ,82821
UGEQLMXM,BEZYMBBT,3584356
UGEQLMXM,BTMOEMEP,5626624
UGEQLMXM,DBWLZWNK,228047
UGEQLMXM,DEWLVASR,429450
UGEQLMXM,DJBLNPNC,93
UGEQLMXM,DNMPSKTB,4745788
UGEQLMXM,DUCMGGNW,1218915
UGEQLMXM,ELQGMQWE,455346
UGEQLMXM,FQCLOEXA,1805708
UGEQLMXM,FWUCPMMW,8271
UGEQLMXM,GYHKIVQT,17764502
UGEQLMXM,HXYSSRXE,4981846
UGEQLMXM,IGDVVKUD,1643
UGEQLMXM,JPBRUTWP,4571608
UGEQLMXM,KJNSOAHR,11245893
UGEQLMXM,LPHPPJUG,1218601
UGEQLMXM,LRVGFDFM,6019004
UGEQLMXM,LSOIUSXD,62540
UGEQLMXM,OGAFEHLU,2814
UGEQLMXM,OKMBFVKS,1827711
UGEQLMXM,OXKURKXR,64872
UGEQLMXM,QRKRBYJL,2607933
UGEQLMXM,QVLMOEYE,1326120
UGEQLMXM,RAWUKQMJ,3783232
UGEQLMXM,RCBZUSIM,2973
UGEQLMXM,ROACSLMG,1999028
UGEQLMXM,SDWAYPIK,4780493
UGEQLMXM,SNHYOVBM,502886
UGEQLMXM,SUOYXCHP,17872
UGEQLMXM,UIFPPCLR,62974
UGEQLMXM,UXSPKBJR,479668
UGEQLMXM,VBYCLTYZ,243211
UGEQLMXM,VWMBASNE,25777
UGEQLMXM,WHPUAOID,22572
UGEQLMXM,XUOIQPFL,2591950
UGEQLMXM,ZGJXVMNI,2754839
UGEQLMXM,ZKENOUDA,236993
UIFPPCLR,AANGBULD,72744
UIFPPCLR,APQGTRMF,942
UIFPPCLR,ATLDMDBO,48616076
UIFPPCLR,BEZYMBBT,3584356
UIFPPCLR,DEWLVASR,430255
UIFPPCLR,DUCMGGNW,1219912
UIFPPCLR,ELQGMQWE,457037
UIFPPCLR,GYHKIVQT,17763486
UIFPPCLR,HXYSSRXE,5014918
UIFPPCLR,IGDVVKUD,1726
UIFPPCLR,JBVHSUWY,355990
UIFPPCLR,JERHKLYW,9891
UIFPPCLR,KJNSOAHR,11245829
UIFPPCLR,OGAFEHLU,3024
UIFPPCLR,OKMBFVKS,1827047
UIFPPCLR,QRKRBYJL,2622808
UIFPPCLR,QVLMOEYE,1354468
UIFPPCLR,RAWUKQMJ,3783232
UIFPPCLR,RJGPVEXX,573686
UIFPPCLR,SDWAYPIK,4812664
UIFPPCLR,UXSPKBJR,479467
UIFPPCLR,VBYCLTYZ,244134
UIFPPCLR,WQMVCOEM,12114
UIFPPCLR,XUOIQPFL,2597763
UIFPPCLR,ZGJXVMNI,2750935
UIFPPCLR,ZKENOUDA,236993
UIFPPCLR,ZXERAXWP,35294
UQYUIVVR,AHMDUILJ,83993
UQYUIVVR,BSRMSVTC,284812
UQYUIVVR,HCDTGMST,10024
UQYUIVVR,JBVHSUWY,351846
UQYUIVVR,JERHKLYW,9509
UQYUIVVR,KEUWZRKO,365615
UQYUIVVR,NAQIHUKZ,918
UQYUIVVR,OGAFEHLU,2846
UQYUIVVR,SDWAYPIK,4881102
UQYUIVVR,SUOYXCHP,16829
UQYUIVVR,TGOELCAG,89953
UQYUIVVR,UIFPPCLR,60098
UQYUIVVR,VMAQSTJE,35255
UQYUIVVR,WHPUAOID,22388
UQYUIVVR,WQMVCOEM,11846
UQYUIVVR,ZKENOUDA,233584
UXSPKBJR,APQGTRMF,947
UXSPKBJR,ATLDMDBO,48538060
UXSPKBJR,BLANHGYY,1204
UXSPKBJR,BTMOEMEP,5587418
UXSPKBJR,BUZIIBYG,17526756
UXSPKBJR,DBWLZWNK,228914
UXSPKBJR,DNMPSKTB,4747514
UXSPKBJR,DUCMGGNW,1218915
UXSPKBJR,EVBVXETX,5568888
UXSPKBJR,FITUEHWN,77272
UXSPKBJR,FRHNWLNI,1089640
UXSPKBJR,FWUCPMMW,8268
UXSPKBJR,GYHKIVQT,17746992
UXSPKBJR,HXYSSRXE,4981519
UXSPKBJR,IGDVVKUD,1652
UXSPKBJR,JPBRUTWP,4253862
UXSPKBJR,KEUWZRKO,363740
UXSPKBJR,LPHPPJUG,1215491
UXSPKBJR,LRVGFDFM,6034978
UXSPKBJR,LUENUFGA,3868685
UXSPKBJR,NZKBIBNU,184603
UXSPKBJR,OJIFIHMZ,2610757
UXSPKBJR,OXKURKXR,65953
UXSPKBJR,QRKRBYJL,2591626
UXSPKBJR,QVLMOEYE,1346379
UXSPKBJR,RAWUKQMJ,3798641
UXSPKBJR,RCBZUSIM,2944
UXSPKBJR,ROACSLMG,2004291
UXSPKBJR,SAHWCZNH,1876044
UXSPKBJR,SDWAYPIK,4796252
UXSPKBJR,UGEQLMXM,225422
UXSPKBJR,UIFPPCLR,62974
UXSPKBJR,VBYCLTYZ,245358
UXSPKBJR,WQMVCOEM,11862
UXSPKBJR,XIFHSOWQ,55330
UXSPKBJR,XIIEJNEE,95
UXSPKBJR,XUOIQPFL,2591950
VBYCLTYZ,APQGTRMF,946
VBYCLTYZ,ATLDMDBO,48520844
VBYCLTYZ,AXULOHBQ,79758
VBYCLTYZ,BEZYMBBT,3584356
VBYCLTYZ,BJALXPFS,154964
VBYCLTYZ,BLANHGYY,1227
VBYCLTYZ,BTMOEMEP,5626624
VBYCLTYZ,DBWLZWNK,231099
VBYCLTYZ,DJBLNPNC,95
VBYCLTYZ,DNMPSKTB,4680828
VBYCLTYZ,ELQGMQWE,449629
VBYCLTYZ,FDXPMYGF,1671
VBYCLTYZ,FQCLOEXA,1792884
VBYCLTYZ,FRHNWLNI,1089723
VBYCLTYZ,GYHKIVQT,17744928
VBYCLTYZ,HXYSSRXE,4981846
VBYCLTYZ,IGDVVKUD,1721
VBYCLTYZ,JPBRUTWP,4571608
VBYCLTYZ,LPHPPJUG,1210488
VBYCLTYZ,OKMBFVKS,1827711
VBYCLTYZ,OXKURKXR,65359
VBYCLTYZ,QRKRBYJL,2564676
VBYCLTYZ,QVLMOEYE,1326120
VBYCLTYZ,RAWUKQMJ,3798641
VBYCLTYZ,RCBZUSIM,2947
VBYCLTYZ,SDWAYPIK,4799062
VBYCLTYZ,UGEQLMXM,225691
VBYCLTYZ,UIFPPCLR,64738
VBYCLTYZ,UXSPKBJR,479668
VBYCLTYZ,WBLJNPZQ,162332
VBYCLTYZ,WHPUAOID,22464
VBYCLTYZ,WQMVCOEM,11912
VBYCLTYZ,XUOIQPFL,2600328
VBYCLTYZ,ZGJXVMNI,2761020
VBYCLTYZ,ZKENOUDA,236097
VBYCLTYZ,ZXERAXWP,35184
VMAQSTJE,AHMDUILJ,85751
VMAQSTJE,DEWLVASR,428906
VMAQSTJE,EVBVXETX,5638414
VMAQSTJE,JPBRUTWP,4267612
VMAQSTJE,KEUWZRKO,360993
VMAQSTJE,LUENUFGA,3790220
VMAQSTJE,OGAFEHLU,2893
VMAQSTJE,OJIFIHMZ,2619196
VMAQSTJE,PYZMVUWD,148
VMAQSTJE,RCBZUSIM,2972
VMAQSTJE,RJGPVEXX,573686
VMAQSTJE,SDWAYPIK,4810916
VMAQSTJE,SNHYOVBM,502886
VMAQSTJE,STZDBITS,25435362
VMAQSTJE,UIFPPCLR,64738
VMAQSTJE,VWMBASNE,25722
VMAQSTJE,WPQXWHYO,10761139
VMAQSTJE,XIFHSOWQ,53961
VMAQSTJE,XMKRPGLB,553335
VMAQSTJE,ZXERAXWP,35740
VUAFAIYJ,AANGBULD,72910
VUAFAIYJ,APQGTRMF,927
VUAFAIYJ,CCLHWFWF,20464296
VUAFAIYJ,DEWLVASR,415704
VUAFAIYJ,FCYBOAXC,91112032
VUAFAIYJ,GYHKIVQT,17719426
VUAFAIYJ,JPBRUTWP,4313366
VUAFAIYJ,LLHREMKS,28521
VUAFAIYJ,LRVGFDFM,6032607
VUAFAIYJ,LSOIUSXD,62487
VUAFAIYJ,OGAFEHLU,2854
VUAFAIYJ,UGEQLMXM,250366
VUAFAIYJ,UIFPPCLR,60119
VUAFAIYJ,VBYCLTYZ,262837
VUAFAIYJ,VWMBASNE,26425
VUAFAIYJ,WBLJNPZQ,162332
VUAFAIYJ,WHPUAOID,22455
VUAFAIYJ,XIPPENFQ,85463
VUAFAIYJ,ZCELVYQU,27913
VUAFAIYJ,ZXERAXWP,36814
VWMBASNE,AHMDUILJ,85410
VWMBASNE,BSRMSVTC,282938
VWMBASNE,CCLHWFWF,20536672
VWMBASNE,EVBVXETX,5624568
VWMBASNE,FCYBOAXC,91732808
VWMBASNE,FITUEHWN,77076
VWMBASNE,FRHNWLNI,1135828
VWMBASNE,LRVGFDFM,6046258
VWMBASNE,MIRCVAMV,12475
VWMBASNE,NZKBIBNU,190653
VWMBASNE,VUAFAIYJ,582735
VWMBASNE,WBLJNPZQ,161584
VWMBASNE,XIPPENFQ,76729
VWMBASNE,ZKENOUDA,235084
VWMBASNE,ZXERAXWP,36820
WBLJNPZQ,AANGBULD,72965
WBLJNPZQ,ATLDMDBO,48493736
WBLJNPZQ,AXULOHBQ,80019
WBLJNPZQ,BJALXPFS,154806
WBLJNPZQ,BSRMSVTC,284493
WBLJNPZQ,BTMOEMEP,5531610
WBLJNPZQ,CCLHWFWF,20475970
WBLJNPZQ,DBWLZWNK,230421
WBLJNPZQ,DEWLVASR,433157
WBLJNPZQ,DNMPSKTB,4747514
WBLJNPZQ,FQCLOEXA,1803283
WBLJNPZQ,GYHKIVQT,17746992
WBLJNPZQ,HXYSSRXE,4974976
WBLJNPZQ,JERHKLYW,9520
WBLJNPZQ,JPBRUTWP,4553156
WBLJNPZQ,LPHPPJUG,1208608
WBLJNPZQ,LRVGFDFM,6005164
WBLJNPZQ,LSOIUSXD,62551
WBLJNPZQ,MIRCVAMV,13242
WBLJNPZQ,OGAFEHLU,2807
WBLJNPZQ,OKMBFVKS,1825554
WBLJNPZQ,OXKURKXR,65387
WBLJNPZQ,PYZMVUWD,148
WBLJNPZQ,QKXNTIIB,1732397
WBLJNPZQ,QRKRBYJL,2597054
WBLJNPZQ,QVLMOEYE,1349319
WBLJNPZQ,RAWUKQMJ,3783232
WBLJNPZQ,RJGPVEXX,576259
WBLJNPZQ,SDWAYPIK,4797698
WBLJNPZQ,SNHYOVBM,515937
WBLJNPZQ,UGEQLMXM,234448
WBLJNPZQ,UIFPPCLR,62974
WBLJNPZQ,VMAQSTJE,35690
WBLJNPZQ,VUAFAIYJ,583842
WBLJNPZQ,XIFHSOWQ,52959
WBLJNPZQ,XUOIQPFL,2591008
WBLJNPZQ,ZGJXVMNI,2754245
WBLJNPZQ,ZKENOUDA,236706
WHPUAOID,DUCMGGNW,1219912
WHPUAOID,FDXPMYGF,1750
WHPUAOID,FITUEHWN,77147
WHPUAOID,FRHNWLNI,1092821
WHPUAOID,LLHREMKS,28521
WHPUAOID,LRVGFDFM,6050647
WHPUAOID,LSOIUSXD,62577
WHPUAOID,OJIFIHMZ,2619196
WHPUAOID,WBLJNPZQ,161937
WHPUAOID,WQMVCOEM,11597
WHPUAOID,XIIEJNEE,94
WHPUAOID,XMKRPGLB,563920
WPQXWHYO,AANGBULD,69682
WPQXWHYO,AHMDUILJ,83874
WPQXWHYO,EVBVXETX,5584189
WPQXWHYO,FDXPMYGF,1915
WPQXWHYO,KJNSOAHR,11168193
WPQXWHYO,LUENUFGA,3895423
WPQXWHYO,MIRCVAMV,13634
WPQXWHYO,NZKBIBNU,184255
WPQXWHYO,OKMBFVKS,1875425
WPQXWHYO,PYZMVUWD,176
WPQXWHYO,RJGPVEXX,566517
WPQXWHYO,SAHWCZNH,1881988
WPQXWHYO,VMAQSTJE,37617
WPQXWHYO,XIFHSOWQ,54655
WPQXWHYO,XIIEJNEE,95
WPQXWHYO,XIPPENFQ,85744
WPQXWHYO,ZKENOUDA,233584
WPQXWHYO,ZXERAXWP,36149
WQMVCOEM,AHMDUILJ,84041
WQMVCOEM,AXULOHBQ,80019
WQMVCOEM,BJALXPFS,154804
WQMVCOEM,BLANHGYY,1212
WQMVCOEM,DNMPSKTB,4747514
WQMVCOEM,FDXPMYGF,1749
WQMVCOEM,FRHNWLNI,1093877
WQMVCOEM,HXYSSRXE,4998760
WQMVCOEM,JPBRUTWP,4260053
WQMVCOEM,KEUWZRKO,361465
WQMVCOEM,OGAFEHLU,2868
WQMVCOEM,SUOYXCHP,17216
WQMVCOEM,XIFHSOWQ,55740
WQMVCOEM,XIPPENFQ,84597
XIFHSOWQ,AHMDUILJ,84655
XIFHSOWQ,ATLDMDBO,48632024
XIFHSOWQ,AXULOHBQ,85824
XIFHSOWQ,EVBVXETX,5636334
XIFHSOWQ,FCYBOAXC,91732808
XIFHSOWQ,FRHNWLNI,1140046
XIFHSOWQ,LUENUFGA,3802787
XIFHSOWQ,MIRCVAMV,12482
XIFHSOWQ,NZKBIBNU,188910
XIFHSOWQ,RAWUKQMJ,3874346
XIFHSOWQ,RJGPVEXX,573108
XIFHSOWQ,SAHWCZNH,1840939
XIFHSOWQ,VWMBASNE,25764
XIFHSOWQ,WPQXWHYO,10761077
XIFHSOWQ,XIPPENFQ,76656
XIFHSOWQ,ZXERAXWP,35756
XIIEJNEE,APQGTRMF,942
XIIEJNEE,ATLDMDBO,48535284
XIIEJNEE,BTMOEMEP,5632502
XIIEJNEE,BUZIIBYG,17526756
XIIEJNEE,DBWLZWNK,239723
XIIEJNEE,DJBLNPNC,95
XIIEJNEE,DNMPSKTB,4761129
XIIEJNEE,DUCMGGNW,1219912
XIIEJNEE,EVBVXETX,5575468
XIIEJNEE,FITUEHWN,77147
XIIEJNEE,FRHNWLNI,1091463
XIIEJNEE,FWUCPMMW,7932
XIIEJNEE,HXYSSRXE,5014918
XIIEJNEE,IGDVVKUD,1638
XIIEJNEE,JPBRUTWP,4253862
XIIEJNEE,LRVGFDFM,6034632
XIIEJNEE,OKMBFVKS,1826218
XIIEJNEE,QRKRBYJL,2594136
XIIEJNEE,QVLMOEYE,1343825
XIIEJNEE,RAWUKQMJ,3796261
XIIEJNEE,RCBZUSIM,2973
XIIEJNEE,ROACSLMG,1991428
XIIEJNEE,SAAYMURU,20084
XIIEJNEE,SDWAYPIK,4802710
XIIEJNEE,SNHYOVBM,498658
XIIEJNEE,SUOYXCHP,17223
XIIEJNEE,UGEQLMXM,226111
XIIEJNEE,UXSPKBJR,482762
XIIEJNEE,VBYCLTYZ,245893
XIIEJNEE,VWMBASNE,25722
XIIEJNEE,WHPUAOID,22572
XIPPENFQ,AHMDUILJ,85642
XIPPENFQ,AXULOHBQ,84510
XIPPENFQ,DDEXPPXU,6077
XIPPENFQ,FCYBOAXC,91437416
XIPPENFQ,KAGJCHMR,11140
XIPPENFQ,KJNSOAHR,11220825
XIPPENFQ,LPHPPJUG,1197912
XIPPENFQ,LSOIUSXD,62653
XIPPENFQ,MIRCVAMV,13344
XIPPENFQ,QKXNTIIB,1830896
XIPPENFQ,RAWUKQMJ,3872938
XIPPENFQ,UGEQLMXM,249647
XIPPENFQ,ZGJXVMNI,2678081
XMKRPGLB,BEZYMBBT,3572807
XMKRPGLB,BSRMSVTC,282815
XMKRPGLB,KAGJCHMR,13028
XMKRPGLB,PYZMVUWD,180
XMKRPGLB,ROACSLMG,1991580
XMKRPGLB,SAAYMURU,19813
XMKRPGLB,SNHYOVBM,500689
XMKRPGLB,VMAQSTJE,35581
XUOIQPFL,APQGTRMF,960
XUOIQPFL,ATLDMDBO,48458324
XUOIQPFL,BEZYMBBT,3568768
XUOIQPFL,BTMOEMEP,5584397
XUOIQPFL,DBWLZWNK,227964
XUOIQPFL,DEWLVASR,435757
XUOIQPFL,DJBLNPNC,95
XUOIQPFL,DNMPSKTB,4718517
XUOIQPFL,GYHKIVQT,17735318
XUOIQPFL,HXYSSRXE,4993110
XUOIQPFL,IGDVVKUD,1591
XUOIQPFL,JPBRUTWP,4548008
XUOIQPFL,KJNSOAHR,11245078
XUOIQPFL,LPHPPJUG,1221673
XUOIQPFL,LRVGFDFM,5994452
XUOIQPFL,LSOIUSXD,61164
XUOIQPFL,OGAFEHLU,2985
XUOIQPFL,OKMBFVKS,1810845
XUOIQPFL,OXKURKXR,65478
XUOIQPFL,PYZMVUWD,146
XUOIQPFL,QRKRBYJL,2581909
XUOIQPFL,QVLMOEYE,1324227
XUOIQPFL,RAWUKQMJ,3796587
XUOIQPFL,RCBZUSIM,2928
XUOIQPFL,RJGPVEXX,563156
XUOIQPFL,SDWAYPIK,4765536
XUOIQPFL,SNHYOVBM,507069
XUOIQPFL,UGEQLMXM,233281
XUOIQPFL,UIFPPCLR,63178
XUOIQPFL,UXSPKBJR,482501
XUOIQPFL,VBYCLTYZ,245945
XUOIQPFL,VUAFAIYJ,581738
XUOIQPFL,VWMBASNE,25770
XUOIQPFL,WBLJNPZQ,162719
XUOIQPFL,WQMVCOEM,11851
XUOIQPFL,XIIEJNEE,95
XUOIQPFL,ZGJXVMNI,2760685
XUOIQPFL,ZKENOUDA,239559
YSYHGLQK,AANGBULD,73167
YSYHGLQK,FRHNWLNI,1136723
YSYHGLQK,GYHKIVQT,17769314
YSYHGLQK,HCDTGMST,10479
YSYHGLQK,LPHPPJUG,1195042
YSYHGLQK,OXKURKXR,68291
YSYHGLQK,RCBZUSIM,3519
YSYHGLQK,VMAQSTJE,35972
YSYHGLQK,XMKRPGLB,537826
YSYHGLQK,ZGJXVMNI,2685890
YSYHGLQK,ZXERAXWP,37500
ZCELVYQU,AXULOHBQ,82821
ZCELVYQU,BEZYMBBT,3671215
ZCELVYQU,BJALXPFS,154496
ZCELVYQU,BLANHGYY,1228
ZCELVYQU,ELQGMQWE,442469
ZCELVYQU,FDXPMYGF,1865
ZCELVYQU,FWUCPMMW,8175
ZCELVYQU,KJNSOAHR,11175097
ZCELVYQU,LSOIUSXD,61243
ZCELVYQU,MBSBZBXA,3838107
ZCELVYQU,UGEQLMXM,225691
ZCELVYQU,VBYCLTYZ,249108
ZCELVYQU,WBLJNPZQ,162455
ZCELVYQU,ZXERAXWP,37500
ZGJXVMNI,AANGBULD,69954
ZGJXVMNI,ATLDMDBO,48796952
ZGJXVMNI,AXULOHBQ,81252
ZGJXVMNI,BEZYMBBT,3695079
ZGJXVMNI,DDEXPPXU,6056
ZGJXVMNI,DEWLVASR,412603
ZGJXVMNI,DNMPSKTB,4832114
ZGJXVMNI,DUCMGGNW,1209574
ZGJXVMNI,ELQGMQWE,435918
ZGJXVMNI,EVBVXETX,5580782
ZGJXVMNI,FQCLOEXA,1742381
ZGJXVMNI,GYHKIVQT,17828588
ZGJXVMNI,HXYSSRXE,5118508
ZGJXVMNI,JBVHSUWY,369687
ZGJXVMNI,JSLXRQOK,56
ZGJXVMNI,KEUWZRKO,365372
ZGJXVMNI,KJNSOAHR,11168193
ZGJXVMNI,LPHPPJUG,1196558
ZGJXVMNI,LTOYKIML,261663
ZGJXVMNI,MBSBZBXA,3836862
ZGJXVMNI,NAQIHUKZ,921
ZGJXVMNI,NZKBIBNU,184255
ZGJXVMNI,OGAFEHLU,3067
ZGJXVMNI,OKMBFVKS,1873198
ZGJXVMNI,OXKURKXR,67576
ZGJXVMNI,PYZMVUWD,179
ZGJXVMNI,QJQJSWFU,115580
ZGJXVMNI,QRKRBYJL,2710513
ZGJXVMNI,QVLMOEYE,1397316
ZGJXVMNI,RAWUKQMJ,3863619
ZGJXVMNI,RCBZUSIM,3844
ZGJXVMNI,RJGPVEXX,567294
ZGJXVMNI,SAHWCZNH,1884808
ZGJXVMNI,SDWAYPIK,4910530
ZGJXVMNI,UGEQLMXM,254552
ZGJXVMNI,UIFPPCLR,60077
ZGJXVMNI,UQYUIVVR,2412993
ZGJXVMNI,VBYCLTYZ,262790
ZGJXVMNI,VUAFAIYJ,558593
ZGJXVMNI,VWMBASNE,25764
ZGJXVMNI,WBLJNPZQ,170508
ZGJXVMNI,WPQXWHYO,10656114
ZGJXVMNI,XIFHSOWQ,55548
ZGJXVMNI,XUOIQPFL,2695292
ZGJXVMNI,ZKENOUDA,230616
ZGJXVMNI,ZXERAXWP,36592
ZKENOUDA,AANGBULD,69775
ZKENOUDA,APQGTRMF,958
ZKENOUDA,BEZYMBBT,3673208
ZKENOUDA,DEWLVASR,403893
ZKENOUDA,DNMPSKTB,4812338
ZKENOUDA,ELQGMQWE,436411
ZKENOUDA,EVBVXETX,5570912
ZKENOUDA,FITUEHWN,74908
ZKENOUDA,FQCLOEXA,1744353
ZKENOUDA,FTSVTTSR,253028
ZKENOUDA,GKQIJYDH,7583728
ZKENOUDA,GYHKIVQT,17853668
ZKENOUDA,JPBRUTWP,4300990
ZKENOUDA,KJNSOAHR,11174862
ZKENOUDA,MBSBZBXA,3836420
ZKENOUDA,NAQIHUKZ,920
ZKENOUDA,OKMBFVKS,1880246
ZKENOUDA,OXKURKXR,68833
ZKENOUDA,QRKRBYJL,2697994
ZKENOUDA,QVLMOEYE,1396930
ZKENOUDA,RAWUKQMJ,3820133
ZKENOUDA,RJGPVEXX,567541
ZKENOUDA,SDWAYPIK,4895022
ZKENOUDA,UGEQLMXM,249647
ZKENOUDA,UIFPPCLR,60282
ZKENOUDA,VBYCLTYZ,252098
ZKENOUDA,VMAQSTJE,37044
ZKENOUDA,VUAFAIYJ,558895
ZKENOUDA,WBLJNPZQ,169918
ZKENOUDA,WPQXWHYO,10661888
ZKENOUDA,XIIEJNEE,94
ZKENOUDA,XUOIQPFL,2678942
ZKENOUDA,ZCELVYQU,29186
ZKENOUDA,ZGJXVMNI,2675893
ZKENOUDA,ZXERAXWP,36814
ZXERAXWP,AANGBULD,73141
ZXERAXWP,AHMDUILJ,84004
ZXERAXWP,BEZYMBBT,3697681
ZXERAXWP,CCLHWFWF,20211572
ZXERAXWP,DBWLZWNK,239695
ZXERAXWP,FITUEHWN,74908
ZXERAXWP,FRHNWLNI,1092821
ZXERAXWP,FWUCPMMW,8152
ZXERAXWP,KJNSOAHR,11199614
ZXERAXWP,LTOYKIML,263720
ZXERAXWP,MIRCVAMV,12500
ZXERAXWP,UIFPPCLR,61791
ZXERAXWP,WBLJNPZQ,169653
ZXERAXWP,WHPUAOID,22587
ZXERAXWP,XUOIQPFL,2623476
ZXERAXWP,YSYHGLQK,2185
ZXERAXWP,ZKENOUDA,234712
